Workbook

Sheet Plan1
A1: Matrícula | B1: Chefia Imediata - Nome | C1: Função | D1: Centro Resultado | E1: Email
A2: 17102754 | B2: ADRIANE DUARTE BOFF SANTOS | C2: =VLOOKUP(A2,Plan2!A:D,3,FALSE) -> CHEFE DE ENFERMAGEM SERVIÇOS SAUDE | D2: =VLOOKUP(A2,Plan2!A:D,4,FALSE) -> HU - CENTRO OBSTETRICO | E2: =VLOOKUP(A2,Plan3!A:C,3,FALSE) -> adriane.boff@gampcanoas.com.br
A3: 17104940 | B3: AGATA RAFAELA PADILHA PAIM | C3: =VLOOKUP(A3,Plan2!A:D,3,FALSE) -> ENFERMEIRO UNIDADE DE INTERNAÇÃO (H | D3: =VLOOKUP(A3,Plan2!A:D,4,FALSE) -> HU - UNID INTERN 8º A | E3: =VLOOKUP(A3,Plan3!A:C,3,FALSE) -> agatarppaim@gmail.com
A4: 17101267 | B4: AGNES TURELLA FAGUNDES | C4: =VLOOKUP(A4,Plan2!A:D,3,FALSE) -> ENFERMEIRO SR IMAGEM | D4: =VLOOKUP(A4,Plan2!A:D,4,FALSE) -> HU - SR IMAGEM | E4: =VLOOKUP(A4,Plan3!A:C,3,FALSE) -> agnes.fagundes@gampcanoas.com.br
A5: 17104724 | B5: ALESSANDRA LANG DE QUADROS | C5: =VLOOKUP(A5,Plan2!A:D,3,FALSE) -> ENFERMEIRO FOLG/FERISTA CO E PA OBS | D5: =VLOOKUP(A5,Plan2!A:D,4,FALSE) -> HU - UI PRONTO ATEND OBSTETRICO | E5: =VLOOKUP(A5,Plan3!A:C,3,FALSE) -> alessandra.quadros@gampcanoas.com.br
A6: 17103303 | B6: ALEXANDRE DE OLIVEIRA DILELIO | C6: =VLOOKUP(A6,Plan2!A:D,3,FALSE) -> ENFERMEIRO CAPS (HU) | D6: =VLOOKUP(A6,Plan2!A:D,4,FALSE) -> HU - CAPS AMANHECER | E6: =VLOOKUP(A6,Plan3!A:C,3,FALSE) -> adellucca7@gmail.com
A7: 17100730 | B7: ALINE KLAUS | C7: =VLOOKUP(A7,Plan2!A:D,3,FALSE) -> ENFERMEIRO ENDOSCOPIA (HU) | D7: =VLOOKUP(A7,Plan2!A:D,4,FALSE) -> HU - ENDOSCOPIA | E7: =VLOOKUP(A7,Plan3!A:C,3,FALSE) -> aline.klaus@gampcanoas.com.br
A8: 17101235 | B8: ANA BEATRIZ CARVALHO DA SILVA | C8: =VLOOKUP(A8,Plan2!A:D,3,FALSE) -> SUPERVISOR RECEPÇÃO (HU) | D8: =VLOOKUP(A8,Plan2!A:D,4,FALSE) -> HU - RECEPÇÃO | E8: =VLOOKUP(A8,Plan3!A:C,3,FALSE) -> ana.carvalho@gampcanoas.com.br
A9: 17102323 | B9: ANA CAROLINA DELLANI COELO PAPALÉO | C9: =VLOOKUP(A9,Plan2!A:D,3,FALSE) -> COORDENADOR DE SERVIÇOS (HU) | D9: =VLOOKUP(A9,Plan2!A:D,4,FALSE) -> HU - CAPS NOVOS TEMPOS | E9: =VLOOKUP(A9,Plan3!A:C,3,FALSE) -> ana.papaleo@gampcanoas.com.br
A10: 16100559 | B10: ANA CASSIA DA FONSECA | C10: =VLOOKUP(A10,Plan2!A:D,3,FALSE) -> TÉCNICO EM RADIOLOGIA LÍDER (HU) | D10: =VLOOKUP(A10,Plan2!A:D,4,FALSE) -> HU - Radiologia | E10: =VLOOKUP(A10,Plan3!A:C,3,FALSE) -> tnr.anafonseca@gmail.com
A11: 17108324 | B11: ANA PAULA CAZARA | C11: =VLOOKUP(A11,Plan2!A:D,3,FALSE) -> COORDENADOR DE OPME | D11: =VLOOKUP(A11,Plan2!A:D,4,FALSE) -> HU - ESTOQUE OPME | E11: =VLOOKUP(A11,Plan3!A:C,3,FALSE) -> APCAZARA@GMAIL.COM
A12: 17103184 | B12: ANDRE KUCK | C12: =VLOOKUP(A12,Plan2!A:D,3,FALSE) -> ANALISTA DE LOGISTICA JR | D12: =VLOOKUP(A12,Plan2!A:D,4,FALSE) -> HU - Almoxarifado | E12: =VLOOKUP(A12,Plan3!A:C,3,FALSE) -> andre.kuck@gampcanoas.com.br
A13: 17102390 | B13: ANDRESA DUARTE CARDOSO | C13: =VLOOKUP(A13,Plan2!A:D,3,FALSE) -> COORDENADOR DE SERVIÇOS (HU) | D13: =VLOOKUP(A13,Plan2!A:D,4,FALSE) -> HU - CAPS RECANTO DOS GIRASSOIS | E13: =VLOOKUP(A13,Plan3!A:C,3,FALSE) -> andresa.cardoso@gampcanoas.com.br
... A136: 17102761 | B136: VLADIMIR ROBERTO DA SILVA SANTOS | C136: =VLOOKUP(A136,Plan2!A:D,3,FALSE) -> ENFERMEIRO CAPS (HU) | D136: =VLOOKUP(A136,Plan2!A:D,4,FALSE) -> HU - CAPS TRAVESSIA | E136: =VLOOKUP(A136,Plan3!A:C,3,FALSE) -> vladsilva_26@yahoo.com.br

Sheet Plan2
A1: Matrícula | B1: Nome | C1: Função - Nome | D1: Centro de Resultado - Nome
A2: 16102008 | B2: FERNANDA BASTOS CORREA | C2: COORDENADOR DE ATENDIMENTO (HU) | D2: HU - Faturamento
A3: 18000221 | B3: ANTONIO HELDER LOIOLA AMORIM | C3: MEDICO CARDIOLOGISTA | D3: HU - CTI ADULTO
A4: 17102535 | B4: CRISTINE GOMES MACHADO | C4: COORDENADOR DE CONTRATOS | D4: HU - Administração
A5: 17103184 | B5: ANDRE KUCK | C5: ANALISTA DE LOGISTICA JR | D5: HU - Almoxarifado
A6: 17102443 | B6: GUILHERME PEDROZO | C6: AUXILIAR DE SUPRIMENTOS (HU) | D6: HU - Almoxarifado
A7: 16101776 | B7: EDMILSON SANTANA NASCIMENTO | C7: COMPRADOR PL | D7: HU - COMPRAS
A8: 16102199 | B8: DEIVID LETSCH RAFAELLI | C8: ASSISTENTE CONTABIL | D8: HU - Contabilidade
A9: 17103903 | B9: JULIANO KENGERISKI LEIVAS | C9: ANALISTA DE LOGISTICA JR | D9: HU - Almoxarifado
A10: 17100456 | B10: LUCIANE KAVICHESKI DA ROSA | C10: TÉCNICO DE ENFERMAGEM AMBULATÓRIO ( | D10: HU - AMBULATORIO
A11: 17100507 | B11: ANA CAROLINA KOECHE ROCHA | C11: TÉCNICO DE ENFERMAGEM AMBULATÓRIO ( | D11: HU - AMBULATORIO
A12: 17102037 | B12: ROBERTA CAROLINE FEIJO RIZZI DA SILVA | C12: CHEFIA REGULAÇÃO JUNIOR | D12: HU - N.I.R
A13: 16100584 | B13: DAIANI CRISTINI WURTENBERGER DE OLIVEIRA | C13: TÉCNICO DE ENFERMAGEM AMBULATÓRIO ( | D13: HU - AMBULATORIO
... A1550: 17107455 | B1550: LETICIA SILVA DE AVILA | C1550: AGENTE DE ATENDIMENTO I (HU) | D1550: HU - RECEPÇÃO

Sheet Plan3
A1: Matrícula | B1: Nome | C1: E-Mail
A2: 18000230 | B2: ANA PAULA BACK DE SOUZA | C2: maira.anselmo@gampcanoas.com.br
A3: 18000240 | B3: CLAUDIOMAR GARCIA | C3: claudiomrg360@hotmail.com
A4: 16100037 | B4: CARINE OLIVEIRA PINHEIRO | C4: carinelivre21@gmail.com
A5: 16100106 | B5: GIOVANA CORREA | C5: giovana.correa@yahoo.com.br
A6: 17100207 | B6: ISABEL CRISTINA DA ROCHA | C6: isabelcristinadarocha967@gmail.com
A7: 16100999 | B7: TIERRE SOARES MONTEIRO | C7: tierremonteiro2011@hotmail.com
A8: 16101010 | B8: SUSANA MORAES DA CUNHA | C8: susymoraes72@yahoo.com.br
A9: 16101039 | B9: MICHELE SANTOS DA SILVA | C9: michelonasantos@gmail.com
A10: 18000087 | B10: ANGELA BEATRIZ DOS SANTOS LEITE | C10: everton.quadros@gampcanoas.com.br
A11: 16101114 | B11: CAROLINA CHAVES TAFFAREL | C11: caroltaffarel@gmail.com
A12: 18000009 | B12: PATRICIA DA SILVA SIMIÃO | C12: angelica.santos@gampcanoas.com.br
A13: 18000035 | B13: MAIRA ROSA ANSELMO | C13: maira.anselmo@gampcanoas.com.br
... A43: 16102301 | B43: LUCAS LUZ ROCHA | C43: lrocha1970@hotmail.com
A44: 16100002 | B44: FATIMA CATARINA MAYER
A45: 16100048 | B45: PRISCILA RUAS HUBNER | C45: priscila.ruas@gampcanoas.com.br
A46: 16100694 | B46: CRISTINA ALVES VIDAL | C46: ana.alice@gampcanoas.com.br
A47: 16101138 | B47: SOLANGE GOMES MACIEL | C47: fabiana.valenca@maededeus.com.br
A48: 16101705 | B48: ANA ALICE DA SILVA | C48: ana.alice@gampcanoas.com.br
A49: 16100264 | B49: MARIA LUCIA KOBER CARLSON | C49: luciakobercarlson@hotmail.com
A50: 16100725 | B50: SOLANGE ERONITA DE CAMARGO | C50: sol.decamargo@gmail.com
A51: 16100779 | B51: JOCILENE LUISA SILVEIRA FLORES | C51: leneluisa-@hotmail.com
A52: 16100787 | B52: ANA LAIRES MOURA DE SOUZA | C52: natana.walasco@maededeus.com.br
A53: 16100964 | B53: CLEONIR FÁTIMA OLDRA | C53: ana.alice@gampcanoas.com.br
A54: 16101608 | B54: ELIANE SILVEIRA MARQUES | C54: ana.alice@gampcanoas.com.br
A55: 16101660 | B55: CLAIR ZORAIDE DOS SANTOS | C55: ana.alice@gampcanoas.com.br
A56: 16102089 | B56: DARCILA RODRIGUES FERRAZ | C56: natana.walasco@maededeus.com.br
... A70: 16101174 | B70: SAULO RODRIGO DA SILVA FRAGA | C70: saulo.fraga@gampcanoas.com.br
A71: 16101049 | B71: ANA PAULA PETRONA
A72: 17100456 | B72: LUCIANE KAVICHESKI DA ROSA | C72: elaine.gomes@gampcanoas.com.br
A73: 17100507 | B73: ANA CAROLINA KOECHE ROCHA | C73: anakoeche@bol.com.br
A74: 17102037 | B74: ROBERTA CAROLINE FEIJO RIZZI DA SILVA | C74: roberta.silva@gampcanoas.com.br
A75: 16100584 | B75: DAIANI CRISTINI WURTENBERGER DE OLIVEIRA | C75: daianiwurtenberger@gmail.com
A76: 17100120 | B76: CARINA VELASQUE RODRIGUES | C76: carinavelasquerodrigues@gmail.com
A77: 17100133 | B77: JANETE TEIXEIRA FERREIRA | C77: janetefrrr@gmail.com
A78: 17100439 | B78: EDINA MARIA ALMEIDA | C78: elaine.gomes@gampcanoas.com.br
A79: 17100644 | B79: LUCIANE RAMOS VIEIRA | C79: lu.cardioped@hotmail.com
A80: 17101819 | B80: BRUNA CAMPOS COLA | C80: bruna.cola@gampcanoas.com.br
A81: 17102940 | B81: CINTIA MATTOS MACHADO | C81: cintia_nsr09@hotmail.com
A82: 17103958 | B82: MARCELE CRISTINA ONANTSCHENKO | C82: chenko.marcele@hotmail.com
A83: 17104142 | B83: JACQUELINE MORI LAZZARI | C83: jacqueml@hotmail.com
... A523: 16102236 | B523: FERNANDA LOTUFO ORENGO | C523: fernanda.orengo@gmail.com
A524: 16102252 | B524: FABIANO DE SOUZA RIBEIRO
A525: 16102276 | B525: ROSANA FONTANA | C525: orto.rosana@gmail.com
A526: 16102324 | B526: FABIULA LEONARDI DA SILVA | C526: fabiulaleonardi@gmail.com
A527: 16102333 | B527: ANDREIA DA SILVA MADRID | C527: andreia.madrid93@gmail.com
A528: 16102364 | B528: GUSTAVO MORAES JACQUES | C528: gustavo_mjacques@hotmail.com
A529: 16102377 | B529: FERNANDA NASCIMENTO PIRES | C529: bandasix6@hotmail.com
A530: 16102379 | B530: PATRICIA MACHADO LAUTENSCHLAGER | C530: patybarty@hotmail.com
A531: 16102393 | B531: TABATA AMADEU ANTUNES | C531: amadeutabata@gmail.com
A532: 16102394 | B532: PATRICIA RODRIGUES DA SILVA | C532: patriciaxt320@gmail.com
A533: 16102404 | B533: GISELI CRISTINA DE ARAUJO | C533: enfagi@hotmail.com
A534: 16102426 | B534: JARBAS JOSE ARAUJO DA SILVA | C534: jarbasaraujo31@gmail.com
A535: 16102452 | B535: BRUNA DANIELA DOS REIS SANTOS | C535: brunadaniela.rs@gmail.com
A536: 16102461 | B536: TAINARA VALESCA RAMOS FERREIRA | C536: tainaravalescarf@gmail.com
... A828: 16101558 | B828: CAMILA DA COSTA KRELING | C828: camilackreling@gmail.com
A829: 17104017 | B829: LEONARDO BARBOSA SOUCEDO
A830: 17101228 | B830: HENRIQUE DALPIAZ | C830: henriquedalpiaz@hotmail.com
A831: 17101437 | B831: THAILISE WEBER MARTINS | C831: thaywm@ig.com.br
A832: 17101761 | B832: GISELAINE ZAMBIAZI | C832: giselainezambiazi@gmail.com
A833: 17101846 | B833: DANIELA DE MATOS BODEL | C833: danielabobel14@gmail.com
A834: 17103179 | B834: ANGELA ALDELIRIA PEREDO VILAGRANDE | C834: angelperedo20@yahoo.com.br
A835: 17102113 | B835: VANUSA AQUINO FORTES VILIANO | C835: vanusaviliano@gmail.com
A836: 17102433 | B836: QUELI CRISTIANE MORAES TEIXEIRA | C836: quelimoraesteixeira@yahoo.com.br
A837: 17102508 | B837: RITA MARQUES DA SILVA | C837: abel.oliveira@gampcanoas.com.br
A838: 17102564 | B838: BEATRIZ TELES POITEVIN | C838: biaptv@hotmail.com
A839: 17102986 | B839: FERNANDA TERESINHA OTT | C839: nandaott21@hotmail.com
A840: 17103081 | B840: CLAYTON PAULO BRITES | C840: britesclayton@gmail.com
A841: 17103198 | B841: DEBORA CRISTINA DA ROSA LAGOS | C841: deborarlagos@gmail.com
... A1185: 17100245 | B1185: FERNANDA SANCHES DA SILVA | C1185: fernandasds@yahoo.com.br
A1186: 17100446 | B1186: HILDA DE SOUZA PADIA
A1187: 17100457 | B1187: VERA REGINA SILVA DA SILVA | C1187: verasreginas@gmail.com
A1188: 17100462 | B1188: ILIZABETE NEUZA CASONATTO | C1188: ilizabete.casonatto@gampcanoas.com.br
A1189: 17100480 | B1189: ELIANA PEREIRA MARQUES | C1189: elyannamarques@yahoo.com.br
A1190: 17100539 | B1190: THIAGO CAMARA PADILHA | C1190: tpadilha@gmail.com
A1191: 17100619 | B1191: RENATA COELHO WERTHEIN | C1191: rcwerthein@yahoo.com.br
A1192: 17100636 | B1192: ANA PAULA BERNI ZAUPA | C1192: anapzaupa@gmail.com
A1193: 17100649 | B1193: PAULA SILVA DOS REIS | C1193: p5reis@hotmail.com
A1194: 17100652 | B1194: SORAIA ABDEL HADI | C1194: sohadi@bol.com.br
A1195: 17100657 | B1195: LUCIANE GOMES DA CUNHA | C1195: rafaela.schubert@gampcanoas.com.br
A1196: 17100674 | B1196: VANESSA MARIA BERBIGIER ZANOTTO MARTINO | C1196: vbzmartino2@gmail.com
A1197: 17100730 | B1197: ALINE KLAUS | C1197: aline.klaus@gampcanoas.com.br
A1198: 17100752 | B1198: LUCIANO AUGUSTO MOOJEN | C1198: lucianomoojen@yahoo.com.br
... A1254: 17103022 | B1254: ROSANE DALAZEN | C1254: hu.higienizacao@gampcanoas.com.br
A1255: 17103041 | B1255: ROSA MARIA CAMPOS
A1256: 17103048 | B1256: MARISTELA NASCENTE RAUPP | C1256: maristelanascenteraupp80@gmail.com
A1257: 17103058 | B1257: LUCIANE ALVES | C1257: marcelo071070@gmail.com
A1258: 17103091 | B1258: LISIANE HOFF REINSTEIN | C1258: lisianehoff@ig.com.br
A1259: 17103111 | B1259: SIMONE SANTANA ARRUEE | C1259: simonearruee@hotmail.com
A1260: 17103113 | B1260: ELISANGELA PEREIRA DE FREITAS | C1260: pereira.elis636@gmail.com
A1261: 17103136 | B1261: CELIA REGINA ESCOUTO MACHADO | C1261: celia.celiamachado@outlook.com
A1262: 17103137 | B1262: GELISIANE JOHANN | C1262: gheysijohann@gmail.com
A1263: 17103139 | B1263: JANAINA MOTTA FLORES | C1263: hu.higienizacao01@maededeus.com.br
A1264: 17103169 | B1264: CHARLENE DA SILVA MARINHO | C1264: marinhocharlene2@gmail.com
A1265: 17103171 | B1265: URUBATA FRANCISCO LISBOA DOS SANTOS | C1265: urubata.santos@gampcanoas.com.br
A1266: 17103174 | B1266: RENATA NORBERT LIMA | C1266: reehrlima@gmail.com
A1267: 17103196 | B1267: PAULO ANTONIO VESCIA RECH | C1267: paulo.rech1980@hotmail.com
... A1286: 17103747 | B1286: MIGUEL LEANDRO DOS SANTOS LOUREIRO | C1286: miguel.s.loureiro@gmail.com
A1287: 17103780 | B1287: ROSEMARIE DOS SANTOS SILVA
A1288: 17103810 | B1288: KATIA APARECIDA MANDRICH | C1288: katia.mandrich@gampcanoas.com.br
...
