Workbook

Sheet MAPA
A1: Mapa do Lactário
A4: DATA : 10/10/2019
A6: =A1 -> Mapa do Lactário | F6: 0 | G6: =A4 -> DATA : 10/10/2019
A7: LEITO | B7: NOME DO PACIENTE | C7: VIA | D7: VOLUME (ml) | E7: LM | F7: FÓRMULA | G7: FREQUÊNCIA | H7: OBSERVAÇÃO
A8: 4001 | B8: OTAVIO DA SILVEIRA LEMOS,6M | C8: SNE | D8: 120 | F8: FL HIDROLISADA (15,9%) | G8: 3/3H | H8: FRASCO AGUA 300ML - 06H
A9: 4002 | B9: BEATRIZ RUAS DA SILVA, 1A11M | C9: SNE | D9: 90 | F9: FORTINI | G9: 3/3H | H9: FRASCO AGUA 300ML - 06H
A10: 4003 | B10: ANTHONIA JULIA RANZAN 2A5M | C10: VO | D10: 240 | F10: LV + ACHOCOLATADO | G10: 7:30-15-21-24H
A11: 4004 | B11: KEIVID LUAN KLAUCK 11A | C11: SNE | D11: 60 | F11: FL HIDROLISADA | G11: 3/3H | H11: FRASCO AGUA 300ML - 06H
A12: 4005 | B12: BIANCA GABRIELLY MACHADO, 6M | C12: SNE | D12: 70 | F12: FL 1º SEMESTRE | G12: 3/3H | H12: FRASCO AGUA 300ML - 06H
A13: 4006
A14: 4007
A15: 4008 | B15: MARIA FLORÊNCIA A. M. DUARTE, 2A3M | C15: SNE | D15: 100 | E15: - | F15: FORTINI | G15: 3/3H | H15: FRASCO AGUA 300ML - 06H
A16: 4009
A17: 4010 | B17: ALICE MANUELLA DORNELES, 8M | C17: SNE | D17: 140 | F17: FL AA + MMD ROSA COMUM | G17: 3/3H | H17: FRASCO AGUA 300ML - 06H
A19: INTERNAÇÃO PEDIÁTRICA
F20: DATA: | G20: =A4 -> DATA : 10/10/2019
A21: LEITO | B21: NOME DO PACIENTE | C21: VIA | D21: VOLUME | E21: LM | F21: FÓRMULA | G21: HORÁRIOS | H21: OBSERVAÇÃO
A22: 4101 A | B22: LOUISE REOLON CHUVAS, 4A | C22: VO | D22: 240 | F22: LV+ACHOCOLATADO | G22: 7:30-15-21H
A23: 4101 B
A24: 4101 C
A25: 4102 A
A26: 4102 B | B26: LUIZ FELIPE ELIAS SILVA, 9M | C26: VO | D26: 200 | F26: FL 2º SEMESTRE | G26: 3/3H (-18 -03H -09H)
A27: 4102 C
A28: 4103 A
A29: 4103 B
A30: 4103 C
A31: 4104 A
A32: 4104 B
A33: 4104 C
A34: 4105 A
A35: 4105 B
A36: 4105 C
A37: 4106 A | B37: ISABELA COUTO 2A | C37: VO | D37: 240 | F37: LV+ACHO | G37: 7:30-15-21-24
A38: 4106 B
A39: 4106 C
A40: 4107 A
A41: 4107 B
A42: 4107 C
A43: 4108 A
A44: 4108 B
A45: 4108 C
A46: 4109 A | E46: -
A47: 4109 B | E47: -
A48: 4109 C | E48: -
A49: 4110 A | B49: MURILO SILVEIRA, 6A | C49: VO | D49: 200 | F49: LV+MUCILON | G49: 7:30, 21H
A50: 4110 B
A51: 4110 C
A52: 4111 A | B52: AGATHA GABRIELE DA COSTA, 1A8M | C52: SNE | D52: 100 | F52: FORTINI (18,3%) | G52: 3/3H (-3H-24H) | H52: FRASCO AGUA 300ML -06H
A53: 4111 B | E53: -
A54: 4111 C | E54: -
A55: 4112 A | B55: MARIA FLOR KIELING DA ROSA, 1A7M | C55: SNE | D55: 100 | F55: FORTINI (20,3%) | G55: 3/3h (-3H) | H55: FRASCO AGUA 300ML -06H
A56: 4112 B | E56: -
A57: 4112 C
A58: 4113A | B58: HENRY MICAEL DORNELES 1M | C58: SNE | D58: 60 | F58: FL 1º SEMESTRE (17,5%) | G58: 2/2H | H58: FRASCO AGUA 300ML -06H
A59: 4113 B | B59: MANUELA NASCIMENTO 3M | C59: VO | D59: 80 | F59: FL 1° SEMESTRE(NAN CONFOR) | G59: 3/3H | H59: SN
A60: 4113 C
A61: 4114 A | B61: JOAQUIM BGS REIS, 11M | C61: VO | D61: 240 | F61: FL 2º SEMESTRE | G61: 7:30-15-21-24H
A62: 4114 B | B62: VALENTIM DA SILVEIRA RODRIGUES, 1M | C62: VO | D62: 120 | F62: FL 1º SEMESTRE | G62: 3/3H | H62: SN
A63: 4114 C | B63: LORRANA BEATRIZ CARDOSO, 1A | C63: VO | D63: 240 | F63: LV+ACHOCOLATADO | G63: 7:30-15-21-24H
A65: UTI NEONATAL
A66: =A1 -> Mapa do Lactário | F66: DATA: | G66: =A4 -> DATA : 10/10/2019
A67: LEITO | B67: NOME DO PACIENTE | C67: VIA | D67: VOLUME | E67: LM | F67: FÓRMULA | G67: HORÁRIOS | H67: OBSERVAÇÃO
A68: 4201 | B68: RN DE MAIRA ALEXANDRA (Augusto) | C68: SOG | D68: 40 | E68: LM | F68: FL TRANSIÇÃO | G68: 3/3H
A69: 4202
A70: 4203 | B70: RN DE ANA CLAUDIA VARGAS (Manuela) | C70: SOG | D70: 32 | E70: LM + FM | F70: FL PREMATURO | G70: 3/3H
A71: 4204 | B71: RN DE TAINARA DE CARVALHO BOTELHO (Jhon Peter) | C71: SNG | D71: 25 | E71: LM | F71: FL PREMATURO | G71: 3/3H
A72: 4205 | B72: RN ELISSANGELA MENDES | C72: VO | D72: 31 | E72: LM | F72: FL 1º SEMESTRE | G72: 3/3H
A73: 4206 | B73: RN DE JENIFER VITÓRIA (Oliver) | C73: SOG | D73: 16 | E73: LM | F73: FL PREMATURO | G73: 3/3H
A74: 4207 | B74: RN GIOVANA MEDEIROS (Camila) | C74: VO | D74: 62 | E74: LM | F74: FL 1º SEMESTRE | G74: 3/3H
A75: 4208
A76: 4209 | B76: RN DE DANIELA ARAGÃO MAUER (Marco Antônio) | C76: SOG | D76: 50 | E76: LM | F76: FL 1º SEMESTRE | G76: 3/3H
A77: 4210 | B77: RN DE DEZERRE DA ROSA AGUIRRE (Murilo) | C77: VO | D77: 50 | E77: LM | F77: FL 1º SEMESTRE | G77: 3/3H | H77: MMD AVENT N°1
A78: 4211 | B78: RN DE MAIRA DANIELE | C78: SNG | D78: 9 | E78: LM | F78: FL 1° SEMESTRE | G78: 3/3H
A79: 4212
A80: 4213
A81: 4214 | B81: RN MILENA DA CRUZ PARANHOS (Felipe) | C81: VO | D81: 60 | E81: LM | F81: FL HIDROLISADA | G81: 3/3H
A82: 4214
A83: 4216
A84: 4217
A85: 4218
A86: 4219
A87: UI CUIDADOS INTEMEDIÁRIOS
A88: 4220
A89: 4221 | B89: RN GABRIELA DIAS BERTODO (Gabriel) | C89: SNG/VO | D89: 40 | E89: LM | F89: FL TRANSIÇÃO | G89: 3/3H
A90: 4222 | B90: RN DE CLAUDIA OLIVEIRA | C90: VO | D90: 43 | F90: FL 1º SEMESTRE | G90: 3/3H
A91: 4223
A92: 4224
A93: 4225 | B93: RN DE ANA PAULA ARAUJO | C93: VO | D93: 80 | E93: LM | F93: FL 1º SEMESTRE | G93: 3/3H
A94: 4226 | B94: G1 KELLY SANTOS | C94: VO | D94: 20 | E94: LM | F94: FL 1° SEMESTRE | G94: 3/3H
A95: 4227
A96: 4228 | B96: RN VIRGINIA AGNES DA SILVA (Fernando) | C96: VO | D96: 100 | E96: LM | F96: FL 1º SEMESTRE | G96: 3/3H | H96: MMD B.ORTO
A97: 4229 | B97: RN SUELEM CAMPOS | C97: VO | D97: 55 | E97: LM | F97: FL 1º SEMESTRE | G97: 3/3H
A98: 4230
A99: UI MÉTODO CANGURÚ
A100: 4241
A101: 4242
A102: 4243
A103: 4244
A106: ALOJAMENTO CONJUNTO
A107: =A1 -> Mapa do Lactário | F107: DATA: | G107: =A4 -> DATA : 10/10/2019
...

Sheet Protocolo de Entrega
A1: PROTOCOLO DE ENTREGA
A3: =MAPA!A4 -> DATA : 10/10/2019
A4: UTI PEDIÁTRICA
A5: =A1 -> PROTOCOLO DE ENTREGA | C5: DATA: | D5: =MAPA!A4 -> DATA : 10/10/2019 | F5: Horário:
A6: LEITO | B6: NOME DO PACIENTE | C6: VOLUME (ml) | D6: VIA | E6: LM | F6: FÓRMULA | G6: RECEBIMENTO
A7: 4001 | B7: =MAPA!B8 -> OTAVIO DA SILVEIRA LEMOS,6M | C7: =MAPA!D8 -> 120 | D7: =MAPA!C8 -> SNE | E7: =MAPA!E8 -> 0 | F7: =MAPA!F8 -> FL HIDROLISADA (15,9%)
A8: 4002 | B8: =MAPA!B9 -> BEATRIZ RUAS DA SILVA, 1A11M | C8: =MAPA!D9 -> 90 | D8: =MAPA!C9 -> SNE | E8: =MAPA!E9 -> 0 | F8: =MAPA!F9 -> FORTINI
A9: 4003 | B9: =MAPA!B10 -> ANTHONIA JULIA RANZAN 2A5M | C9: =MAPA!D10 -> 240 | D9: =MAPA!C10 -> VO | E9: =MAPA!E10 -> 0 | F9: =MAPA!F10 -> LV + ACHOCOLATADO
A10: 4004 | B10: =MAPA!B11 -> KEIVID LUAN KLAUCK 11A | C10: =MAPA!D11 -> 60 | D10: =MAPA!C11 -> SNE | E10: =MAPA!E11 -> 0 | F10: =MAPA!F11 -> FL HIDROLISADA
A11: 4005 | B11: =MAPA!B12 -> BIANCA GABRIELLY MACHADO, 6M | C11: =MAPA!D12 -> 70 | D11: =MAPA!C12 -> SNE | E11: =MAPA!E12 -> 0 | F11: =MAPA!F12 -> FL 1º SEMESTRE
A12: 4006 | B12: =MAPA!B13 -> 0 | C12: =MAPA!D13 -> 0 | D12: =MAPA!C13 -> 0 | E12: =MAPA!E13 -> 0 | F12: =MAPA!F13 -> 0
A13: 4007 | B13: =MAPA!B14 -> 0 | C13: =MAPA!D14 -> 0 | D13: =MAPA!C14 -> 0 | E13: =MAPA!E14 -> 0 | F13: FL 1º SEMESTRE (NAN CONFOR1)
A14: 4008 | B14: =MAPA!B15 -> MARIA FLORÊNCIA A. M. DUARTE, 2A3M | C14: =MAPA!D15 -> 100 | D14: =MAPA!C15 -> SNE | E14: =MAPA!E15 -> - | F14: =MAPA!F15 -> FORTINI
A15: 4009 | B15: =MAPA!B16 -> 0 | C15: =MAPA!D16 -> 0 | D15: =MAPA!C16 -> 0 | E15: =MAPA!E16 -> 0 | F15: =MAPA!F16 -> 0
A16: 4010 | B16: =MAPA!B17 -> ALICE MANUELLA DORNELES, 8M | C16: =MAPA!D17 -> 140 | D16: =MAPA!C17 -> SNE | E16: =MAPA!E17 -> 0 | F16: =MAPA!F17 -> FL AA + MMD ROSA COMUM
A18: INTERNAÇÃO PEDIÁTRICA
A19: =A5 -> PROTOCOLO DE ENTREGA | C19: DATA: | D19: =MAPA!A4 -> DATA : 10/10/2019 | F19: Horário:
A20: LEITO | B20: NOME DO PACIENTE | C20: VOLUME (ml) | D20: VIA | E20: LM | F20: FÓRMULA | G20: RECEBIMENTO
A21: 4101 A | B21: =MAPA!B22 -> LOUISE REOLON CHUVAS, 4A | C21: =MAPA!D22 -> 240 | D21: =MAPA!C22 -> VO | E21: =MAPA!E22 -> 0 | F21: =MAPA!F22 -> LV+ACHOCOLATADO
A22: 4101 B | B22: =MAPA!B23 -> 0 | C22: =MAPA!D23 -> 0 | D22: =MAPA!C23 -> 0 | E22: =MAPA!E23 -> 0 | F22: =MAPA!F23 -> 0
A23: 4101 C | B23: =MAPA!B24 -> 0 | C23: =MAPA!D24 -> 0 | D23: =MAPA!C24 -> 0 | E23: =MAPA!E24 -> 0 | F23: =MAPA!F24 -> 0
A24: 4102 A | B24: =MAPA!B25 -> 0 | C24: =MAPA!D25 -> 0 | D24: =MAPA!C25 -> 0 | E24: =MAPA!E25 -> 0 | F24: =MAPA!F25 -> 0
A25: 4102 B | B25: =MAPA!B26 -> LUIZ FELIPE ELIAS SILVA, 9M | C25: =MAPA!D26 -> 200 | D25: =MAPA!C26 -> VO | E25: =MAPA!E26 -> 0 | F25: =MAPA!F26 -> FL 2º SEMESTRE
A26: 4102 C | B26: =MAPA!B27 -> 0 | C26: =MAPA!D27 -> 0 | D26: =MAPA!C27 -> 0 | E26: =MAPA!E27 -> 0 | F26: =MAPA!F27 -> 0
A27: 4103 A | B27: =MAPA!B28 -> 0 | C27: =MAPA!D28 -> 0 | D27: =MAPA!C28 -> 0 | E27: =MAPA!E28 -> 0 | F27: =MAPA!F28 -> 0
A28: 4103 B | B28: =MAPA!B29 -> 0 | C28: =MAPA!D29 -> 0 | D28: =MAPA!C29 -> 0 | E28: =MAPA!E29 -> 0 | F28: =MAPA!F30 -> 0
A29: 4103 C | B29: =MAPA!B30 -> 0 | C29: =MAPA!D30 -> 0 | D29: =MAPA!C30 -> 0 | E29: =MAPA!E30 -> 0 | F29: =MAPA!#REF! -> #REF!
A30: 4104 A | B30: =MAPA!B31 -> 0 | C30: =MAPA!D31 -> 0 | D30: =MAPA!C31 -> 0 | E30: =MAPA!E31 -> 0 | F30: =MAPA!F31 -> 0
A31: 4104 B | B31: =MAPA!B32 -> 0 | C31: =MAPA!D32 -> 0 | D31: =MAPA!C32 -> 0 | E31: =MAPA!E32 -> 0 | F31: =MAPA!F32 -> 0
A32: 4104 C | B32: =MAPA!B33 -> 0 | C32: =MAPA!D33 -> 0 | D32: =MAPA!C33 -> 0 | E32: =MAPA!E33 -> 0 | F32: =MAPA!F33 -> 0
A33: 4105 A | B33: =MAPA!B34 -> 0 | C33: =MAPA!D34 -> 0 | D33: =MAPA!C34 -> 0 | E33: =MAPA!E34 -> 0 | F33: =MAPA!F34 -> 0
A34: 4105 B | B34: =MAPA!B35 -> 0 | C34: =MAPA!D35 -> 0 | D34: =MAPA!C35 -> 0 | E34: =MAPA!E35 -> 0 | F34: =MAPA!F35 -> 0
A35: 4105 C | B35: =MAPA!B36 -> 0 | C35: =MAPA!D36 -> 0 | D35: =MAPA!C36 -> 0 | E35: =MAPA!E36 -> 0 | F35: =MAPA!F36 -> 0
A36: 4106 A | B36: =MAPA!B37 -> ISABELA COUTO 2A | C36: =MAPA!D37 -> 240 | D36: =MAPA!C37 -> VO | E36: =MAPA!E37 -> 0 | F36: =MAPA!F37 -> LV+ACHO
A37: 4106 B | B37: =MAPA!B38 -> 0 | C37: =MAPA!D38 -> 0 | D37: =MAPA!C38 -> 0 | E37: =MAPA!E38 -> 0 | F37: =MAPA!F38 -> 0
A38: 4106 C | B38: =MAPA!B39 -> 0 | C38: =MAPA!D39 -> 0 | D38: =MAPA!C39 -> 0 | E38: =MAPA!E39 -> 0 | F38: =MAPA!F39 -> 0
A39: 4107 A | B39: =MAPA!B40 -> 0 | C39: =MAPA!D40 -> 0 | D39: =MAPA!C40 -> 0 | E39: =MAPA!E40 -> 0 | F39: =MAPA!F40 -> 0
A40: 4107 B | B40: =MAPA!B41 -> 0 | C40: =MAPA!D41 -> 0 | D40: =MAPA!C41 -> 0 | E40: =MAPA!E41 -> 0 | F40: =MAPA!F41 -> 0
A41: 4107 C | B41: =MAPA!B42 -> 0 | C41: =MAPA!D42 -> 0 | D41: =MAPA!C42 -> 0 | E41: =MAPA!E42 -> 0 | F41: =MAPA!F42 -> 0
... A53: 4111 C | B53: =MAPA!B54 -> 0 | C53: =MAPA!D54 -> 0 | D53: =MAPA!C54 -> 0 | E53: =MAPA!E54 -> - | F53: =MAPA!F54 -> 0
A55: INTERNAÇÃO PEDIÁTRICA
A56: =A1 -> PROTOCOLO DE ENTREGA | C56: DATA: | D56: =MAPA!A4 -> DATA : 10/10/2019 | F56: Horário:
A57: LEITO | B57: NOME DO PACIENTE | C57: VOLUME (ml) | D57: VIA | E57: LM | F57: FÓRMULA | G57: RECEBIMENTO
A58: 4112 A | B58: =MAPA!B55 -> MARIA FLOR KIELING DA ROSA, 1A7M | C58: =MAPA!D55 -> 100 | D58: =MAPA!C55 -> SNE | E58: =MAPA!E55 -> 0 | F58: =MAPA!F55 -> FORTINI (20,3%)
A59: 4112 B | B59: =MAPA!B56 -> 0 | C59: =MAPA!D56 -> 0 | D59: =MAPA!C56 -> 0 | E59: =MAPA!E56 -> - | F59: =MAPA!F56 -> 0
A60: 4112 C | B60: =MAPA!B57 -> 0 | C60: =MAPA!D57 -> 0 | D60: =MAPA!C57 -> 0 | E60: =MAPA!E57 -> 0 | F60: =MAPA!F57 -> 0
A61: 4113 A | B61: =MAPA!B58 -> HENRY MICAEL DORNELES 1M | C61: =MAPA!D58 -> 60 | D61: =MAPA!C58 -> SNE | E61: =MAPA!E58 -> 0 | F61: =MAPA!F58 -> FL 1º SEMESTRE (17,5%)
A62: 4113 B | B62: =MAPA!B59 -> MANUELA NASCIMENTO 3M | C62: =MAPA!D59 -> 80 | D62: =MAPA!C59 -> VO | E62: =MAPA!E59 -> 0 | F62: =MAPA!F59 -> FL 1° SEMESTRE(NAN CONFOR)
A63: 4113 C | B63: =MAPA!B60 -> 0 | C63: =MAPA!D60 -> 0 | D63: =MAPA!C60 -> 0 | E63: =MAPA!E60 -> 0 | F63: =MAPA!F60 -> 0
A64: 4114 A | B64: =MAPA!B61 -> JOAQUIM BGS REIS, 11M | C64: =MAPA!D61 -> 240 | D64: =MAPA!C61 -> VO | E64: =MAPA!E61 -> 0 | F64: =MAPA!F61 -> FL 2º SEMESTRE
A65: 4114 B | B65: =MAPA!B62 -> VALENTIM DA SILVEIRA RODRIGUES, 1M | C65: =MAPA!D62 -> 120 | D65: =MAPA!C62 -> VO | E65: =MAPA!E62 -> 0 | F65: =MAPA!F62 -> FL 1º SEMESTRE
A66: 4114 C | B66: =MAPA!B63 -> LORRANA BEATRIZ CARDOSO, 1A | C66: =MAPA!D63 -> 240 | D66: =MAPA!C63 -> VO | E66: =MAPA!E63 -> 0 | F66: =MAPA!F63 -> LV+ACHOCOLATADO
A68: UTI NEONATAL
A69: =A1 -> PROTOCOLO DE ENTREGA | C69: DATA: | D69: =MAPA!A4 -> DATA : 10/10/2019 | F69: Horário:
A70: LEITO | B70: NOME DO PACIENTE | C70: VOLUME (ml) | D70: VIA | E70: LM | F70: FÓRMULA | G70: RECEBIMENTO
A71: 4201 | B71: =MAPA!B68 -> RN DE MAIRA ALEXANDRA (Augusto) | C71: =MAPA!D68 -> 40 | D71: =MAPA!C68 -> SOG | E71: =MAPA!E68 -> LM | F71: =MAPA!F68 -> FL TRANSIÇÃO
A72: 4202 | B72: =MAPA!B69 -> 0 | C72: =MAPA!D69 -> 0 | D72: =MAPA!C69 -> 0 | E72: =MAPA!E69 -> 0 | F72: =MAPA!F69 -> 0
A73: 4203 | B73: =MAPA!B70 -> RN DE ANA CLAUDIA VARGAS (Manuela) | C73: =MAPA!D70 -> 32 | D73: =MAPA!C70 -> SOG | E73: =MAPA!E70 -> LM + FM | F73: =MAPA!F70 -> FL PREMATURO
A74: 4204 | B74: =MAPA!B71 -> RN DE TAINARA DE CARVALHO BOTELHO (Jhon Peter) | C74: =MAPA!D71 -> 25 | D74: =MAPA!C71 -> SNG | E74: =MAPA!E71 -> LM | F74: =MAPA!F71 -> FL PREMATURO
A75: 4205 | B75: =MAPA!B72 -> RN ELISSANGELA MENDES | C75: =MAPA!D72 -> 31 | D75: =MAPA!C72 -> VO | E75: =MAPA!E72 -> LM | F75: =MAPA!F72 -> FL 1º SEMESTRE
A76: 4206 | B76: =MAPA!B73 -> RN DE JENIFER VITÓRIA (Oliver) | C76: =MAPA!D73 -> 16 | D76: =MAPA!C73 -> SOG | E76: =MAPA!E73 -> LM | F76: =MAPA!F73 -> FL PREMATURO
A77: =MAPA!A74 -> 4207 | B77: =MAPA!B74 -> RN GIOVANA MEDEIROS (Camila) | C77: =MAPA!D74 -> 62 | D77: =MAPA!C74 -> VO | E77: =MAPA!E74 -> LM | F77: =MAPA!F74 -> FL 1º SEMESTRE
A78: =MAPA!A75 -> 4208 | B78: =MAPA!B75 -> 0 | C78: =MAPA!D75 -> 0 | D78: =MAPA!C75 -> 0 | E78: =MAPA!E75 -> 0 | F78: =MAPA!F75 -> 0
A79: 4209 | B79: =MAPA!B76 -> RN DE DANIELA ARAGÃO MAUER (Marco Antônio) | C79: =MAPA!D76 -> 50 | D79: =MAPA!C76 -> SOG | E79: =MAPA!E76 -> LM | F79: =MAPA!F76 -> FL 1º SEMESTRE
A80: 4210 | B80: =MAPA!B77 -> RN DE DEZERRE DA ROSA AGUIRRE (Murilo) | C80: =MAPA!D77 -> 50 | D80: =MAPA!C77 -> VO | E80: =MAPA!E77 -> LM | F80: =MAPA!F77 -> FL 1º SEMESTRE
A81: 4211 | B81: =MAPA!B78 -> RN DE MAIRA DANIELE | C81: =MAPA!D78 -> 9 | D81: =MAPA!C78 -> SNG | E81: =MAPA!E78 -> LM | F81: =MAPA!F78 -> FL 1° SEMESTRE
A82: 4212 | B82: =MAPA!B79 -> 0 | C82: =MAPA!D79 -> 0 | D82: =MAPA!C79 -> 0 | E82: =MAPA!E79 -> 0 | F82: =MAPA!F79 -> 0
A83: 4213 | B83: =MAPA!B80 -> 0 | C83: =MAPA!D80 -> 0 | D83: =MAPA!C80 -> 0 | E83: =MAPA!E80 -> 0 | F83: =MAPA!F80 -> 0
A84: 4214 | B84: =MAPA!B81 -> RN MILENA DA CRUZ PARANHOS (Felipe) | C84: =MAPA!D81 -> 60 | D84: =MAPA!C81 -> VO | E84: =MAPA!E81 -> LM | F84: =MAPA!F81 -> FL HIDROLISADA
A85: 4215 | B85: =MAPA!B82 -> 0 | C85: =MAPA!D82 -> 0 | D85: =MAPA!C82 -> 0 | E85: =MAPA!E82 -> 0 | F85: =MAPA!F82 -> 0
A86: 4216 | B86: =MAPA!B83 -> 0 | C86: =MAPA!D83 -> 0 | D86: =MAPA!C83 -> 0 | E86: =MAPA!E83 -> 0 | F86: =MAPA!F83 -> 0
A87: 4217 | B87: =MAPA!B84 -> 0 | C87: =MAPA!D84 -> 0 | D87: =MAPA!C84 -> 0 | E87: =MAPA!E84 -> 0 | F87: =MAPA!F84 -> 0
A88: 4218 | B88: =MAPA!B85 -> 0 | C88: =MAPA!D85 -> 0 | D88: =MAPA!C85 -> 0 | E88: =MAPA!E85 -> 0 | F88: =MAPA!F85 -> 0
A89: =MAPA!A86 -> 4219 | B89: =MAPA!B86 -> 0 | C89: =MAPA!D86 -> 0 | D89: =MAPA!C86 -> 0 | E89: =MAPA!E86 -> 0 | F89: =MAPA!F86 -> 0
A90: 4220 | B90: =MAPA!B88 -> 0 | C90: =MAPA!D88 -> 0 | D90: =MAPA!C88 -> 0 | E90: =MAPA!E88 -> 0 | F90: =MAPA!F88 -> 0
A91: 4221 | B91: =MAPA!B89 -> RN GABRIELA DIAS BERTODO (Gabriel) | C91: =MAPA!D89 -> 40 | D91: =MAPA!C89 -> SNG/VO | E91: =MAPA!E89 -> LM | F91: =MAPA!F89 -> FL TRANSIÇÃO
A92: 4222 | B92: =MAPA!B90 -> RN DE CLAUDIA OLIVEIRA | C92: =MAPA!D90 -> 43 | D92: =MAPA!C90 -> VO | E92: =MAPA!E90 -> 0 | F92: =MAPA!F90 -> FL 1º SEMESTRE
A93: 4223 | B93: =MAPA!B91 -> 0 | C93: =MAPA!D91 -> 0 | D93: =MAPA!C91 -> 0 | E93: =MAPA!E91 -> 0 | F93: =MAPA!F91 -> 0
A94: 4224 | B94: =MAPA!B92 -> 0 | C94: =MAPA!D92 -> 0 | D94: =MAPA!C92 -> 0 | E94: =MAPA!E92 -> 0 | F94: =MAPA!F92 -> 0
A95: 4225 | B95: =MAPA!B93 -> RN DE ANA PAULA ARAUJO | C95: =MAPA!D93 -> 80 | D95: =MAPA!C93 -> VO | E95: =MAPA!E93 -> LM | F95: =MAPA!F93 -> FL 1º SEMESTRE
A96: 4226 | B96: =MAPA!B94 -> G1 KELLY SANTOS | C96: =MAPA!D94 -> 20 | D96: =MAPA!C94 -> VO | E96: =MAPA!E94 -> LM | F96: =MAPA!F94 -> FL 1° SEMESTRE
A97: 4227 | B97: =MAPA!B95 -> 0 | C97: =MAPA!D95 -> 0 | D97: =MAPA!C95 -> 0 | E97: =MAPA!E95 -> 0 | F97: =MAPA!F95 -> 0
A98: 4228 | B98: =MAPA!B96 -> RN VIRGINIA AGNES DA SILVA (Fernando) | C98: =MAPA!D96 -> 100 | D98: =MAPA!C96 -> VO | E98: =MAPA!E96 -> LM | F98: =MAPA!F96 -> FL 1º SEMESTRE
A99: 4229 | B99: =MAPA!B97 -> RN SUELEM CAMPOS | C99: =MAPA!D97 -> 55 | D99: =MAPA!C97 -> VO | E99: =MAPA!E97 -> LM | F99: =MAPA!F97 -> FL 1º SEMESTRE
A100: 4230 | B100: =MAPA!B98 -> 0 | C100: =MAPA!D98 -> 0 | D100: =MAPA!C98 -> 0 | E100: =MAPA!E98 -> 0 | F100: =MAPA!F98 -> 0
A101: =MAPA!A100 -> 4241 | B101: =MAPA!B100 -> 0 | C101: =MAPA!D100 -> 0 | D101: =MAPA!C100 -> 0 | E101: =MAPA!E100 -> 0 | F101: =MAPA!F100 -> 0
A102: =MAPA!A101 -> 4242 | B102: =MAPA!B101 -> 0 | C102: =MAPA!D101 -> 0 | D102: =MAPA!C101 -> 0 | E102: =MAPA!E101 -> 0 | F102: =MAPA!F101 -> 0
A103: =MAPA!A102 -> 4243 | B103: =MAPA!B102 -> 0 | C103: =MAPA!D102 -> 0 | D103: =MAPA!C102 -> 0 | E103: =MAPA!E102 -> 0 | F103: =MAPA!F102 -> 0
A104: =MAPA!A103 -> 4244 | B104: =MAPA!B103 -> 0 | C104: =MAPA!D103 -> 0 | D104: =MAPA!C103 -> 0 | E104: =MAPA!E103 -> 0 | F104: =MAPA!F103 -> 0
A105: =MAPA!A104 -> 0 | B105: =MAPA!B104 -> 0 | C105: =MAPA!D104 -> 0 | D105: =MAPA!C104 -> 0 | E105: =MAPA!E104 -> 0 | F105: =MAPA!F104 -> 0

Sheet Estatística
A1: LACTÁRIO | B1: ESTATÍSTICA
B2: =MAPA!A4 -> DATA : 10/10/2019
B3: Fórmula | C3: Diluição | D3: vol. horário | E3: vol. horário + amostra | F3: fórmula (2 horários - g) | G3: Água (ml) | H3: Lote | I3: Funcionário
B4: FL PREMATURO (Aptamil Pré) | C4: 0.165 | D4: 66 | E4: =(D4*2)+200 -> 332 | F4: =E4*C4 -> 54.78 | G4: =E4*90% -> 298.8
B5: FL TRANSIÇÃO (Aptamil Pré Transition) | C5: 0.153 | D5: 43 | E5: =(D5*2)+200 -> 286 | F5: =E5*C5 -> 43.758 | G5: =E5*90% -> 257.4
B6: FL 1º SEMESTRE (Nestogeno 1) | C6: 0.135 | D6: 810 | E6: =(D6*2)+200 -> 1820 | F6: =E6*C6 -> 245.7 | G6: =E6*90% -> 1638
B7: FL 1º SEMESTRE (Aptamil 1) | C7: 0.137 | D7: 100 | E7: =(D7*2)+200 -> 400 | F7: =E7*C7 -> 54.8 | G7: =E7*90% -> 360
B8: FL 1º SEMESTRE 20% (Nestogeno 1) | C8: 0.2 | D8: 80 | E8: =(D8*2)+200 -> 360 | F8: =E8*C8 -> 72 | G8: =E8*90% -> 324
B9: FL 2º SEMESTRE (Nestogeno 2) | C9: 0.142 | D9: 440 | E9: =(D9*2)+200 -> 1080 | F9: =E9*C9 -> 153.36 | G9: =E9*90% -> 972
B10: FL 2º SEMESTRE 21% (Nestogeno 2) | C10: 0.21 | D10: 210 | E10: =(D10*2)+200 -> 620 | F10: =E10*C10 -> 130.2 | G10: =E10*90% -> 558
B11: FL 2º SEMESTRE (Nan 2) | C11: 0.141 | E11: =(D11*2)+200 -> 200 | F11: =E11*C11 -> 28.2 | G11: =E11*90% -> 180
B12: FL 2º SEMESTRE (Aptamil 2) | C12: 0.147 | D12: 200 | E12: =(D12*2)+200 -> 600 | F12: =E12*C12 -> 88.2 | G12: =E12*90% -> 540
B13: FL ANTI-REFLUXO (Nan AR) | C13: 0.133 | E13: =(D13*2)+200 -> 200 | F13: =E13*C13 -> 26.6 | G13: =E13*90% -> 180
B14: FL HIDROLISADA (Pregomin) | C14: 0.129 | D14: 125 | E14: =(D14*2)+200 -> 450 | F14: =E14*C14 -> 58.05 | G14: =E14*90% -> 405
B15: FL HIDROLISADA (Pregomin) 14,9% | C15: 0.149 | E15: =(D15*2)+200 -> 200 | F15: =E15*C15 -> 29.8 | G15: =E15*90% -> 180
B16: FL HIDROLISADA (Pregomin) 19,5% | C16: 0.195 | D16: 120 | E16: =(D16*2)+200 -> 440 | F16: =E16*C16 -> 85.8 | G16: =E16*90% -> 396
B17: FL AA (Neocate) | C17: 0.138 | D17: 190 | E17: =(D17*2)+200 -> 580 | F17: =E17*C17 -> 80.04 | G17: =E17*90% -> 522
B18: Infatrini | C18: 0.2 | E18: =(D18*2)+200 -> 200 | F18: =E18*C18 -> 40 | G18: =E18*90% -> 180
B19: Fortini 20,3% | C19: 0.203 | D19: 100 | E19: =(D19*2)+200 -> 400 | F19: =E19*C19 -> 81.2 | G19: =E19*90% -> 360
B20: Fortini 25,1% | C20: 0.251 | E20: =(D20*2)+200 -> 200 | F20: =E20*C20 -> 50.2 | G20: =E20*90% -> 180
B21: Fortini 30% | C21: 0.3 | E21: =(D21*2)+200 -> 200 | F21: =E21*C21 -> 60 | G21: =E21*90% -> 180
A24: LEITO | B24: NOME DO PACIENTE | C24: VOLUME (ml) | D24: LM | E24: FÓRMULA
A25: 4001 | B25: =MAPA!B8 -> OTAVIO DA SILVEIRA LEMOS,6M | C25: =MAPA!D8 -> 120 | D25: =MAPA!E8 -> 0 | E25: =MAPA!F8 -> FL HIDROLISADA (15,9%)
A26: 4002 | B26: =MAPA!B9 -> BEATRIZ RUAS DA SILVA, 1A11M | C26: =MAPA!D9 -> 90 | D26: =MAPA!E9 -> 0 | E26: =MAPA!F9 -> FORTINI
A27: 4003 | B27: =MAPA!B10 -> ANTHONIA JULIA RANZAN 2A5M | C27: =MAPA!D10 -> 240 | D27: =MAPA!E10 -> 0 | E27: =MAPA!F10 -> LV + ACHOCOLATADO
A28: 4004 | B28: =MAPA!B11 -> KEIVID LUAN KLAUCK 11A | C28: =MAPA!D11 -> 60 | D28: =MAPA!E11 -> 0 | E28: =MAPA!F11 -> FL HIDROLISADA
A29: 4005 | B29: =MAPA!B12 -> BIANCA GABRIELLY MACHADO, 6M | C29: =MAPA!D12 -> 70 | D29: =MAPA!E12 -> 0 | E29: =MAPA!F12 -> FL 1º SEMESTRE
A30: 4006 | B30: =MAPA!B13 -> 0 | C30: =MAPA!D13 -> 0 | D30: =MAPA!E13 -> 0 | E30: =MAPA!F13 -> 0
A31: 4007 | B31: =MAPA!B14 -> 0 | C31: =MAPA!D14 -> 0 | D31: =MAPA!E14 -> 0 | E31: =MAPA!F14 -> 0
A32: 4008 | B32: =MAPA!B15 -> MARIA FLORÊNCIA A. M. DUARTE, 2A3M | C32: =MAPA!D15 -> 100 | D32: =MAPA!E15 -> - | E32: =MAPA!F15 -> FORTINI
A33: 4009 | B33: =MAPA!B16 -> 0 | C33: =MAPA!D16 -> 0 | D33: =MAPA!E16 -> 0 | E33: =MAPA!F16 -> 0
A34: 4010 | B34: =MAPA!B17 -> ALICE MANUELLA DORNELES, 8M | C34: =MAPA!D17 -> 140 | D34: =MAPA!E17 -> 0 | E34: =MAPA!F17 -> FL AA + MMD ROSA COMUM
A35: 4101 A | B35: =MAPA!B22 -> LOUISE REOLON CHUVAS, 4A | C35: =MAPA!D22 -> 240 | D35: =MAPA!E22 -> 0 | E35: =MAPA!F22 -> LV+ACHOCOLATADO
A36: 4101 B | B36: =MAPA!B23 -> 0 | C36: =MAPA!D23 -> 0 | D36: =MAPA!E23 -> 0 | E36: =MAPA!F23 -> 0
A37: 4101 C | B37: =MAPA!B24 -> 0 | C37: =MAPA!D24 -> 0 | D37: =MAPA!E24 -> 0 | E37: =MAPA!F24 -> 0
A38: 4102 A | B38: =MAPA!B25 -> 0 | C38: =MAPA!D25 -> 0 | D38: =MAPA!E25 -> 0 | E38: =MAPA!F25 -> 0
A39: 4102 B | B39: =MAPA!B26 -> LUIZ FELIPE ELIAS SILVA, 9M | C39: =MAPA!D26 -> 200 | D39: =MAPA!E26 -> 0 | E39: =MAPA!F26 -> FL 2º SEMESTRE
A40: 4102 C | B40: =MAPA!B27 -> 0 | C40: =MAPA!D27 -> 0 | D40: =MAPA!E28 -> 0 | E40: =MAPA!F27 -> 0
A41: 4103 A | B41: =MAPA!B28 -> 0 | C41: =MAPA!D28 -> 0 | D41: =MAPA!E28 -> 0 | E41: =MAPA!F28 -> 0
A42: 4103 B | B42: =MAPA!B29 -> 0 | C42: =MAPA!D29 -> 0 | D42: =MAPA!E29 -> 0 | E42: =MAPA!F30 -> 0
A43: 4103 C | B43: =MAPA!B30 -> 0 | C43: =MAPA!D30 -> 0 | D43: =MAPA!E30 -> 0 | E43: =MAPA!F30 -> 0
A44: 4104 A | B44: =MAPA!B31 -> 0 | C44: =MAPA!D31 -> 0 | D44: =MAPA!E31 -> 0 | E44: =MAPA!F31 -> 0
A45: 4104 B | B45: =MAPA!B32 -> 0 | C45: =MAPA!D32 -> 0 | D45: =MAPA!E32 -> 0 | E45: =MAPA!F32 -> 0
A46: 4104 C | B46: =MAPA!B33 -> 0 | C46: =MAPA!D33 -> 0 | D46: =MAPA!E33 -> 0 | E46: =MAPA!F33 -> 0
A47: 4105 A | B47: =MAPA!B34 -> 0 | C47: =MAPA!D34 -> 0 | D47: =MAPA!E34 -> 0 | E47: =MAPA!F34 -> 0
A48: 4105 B | B48: =MAPA!B35 -> 0 | C48: =MAPA!D35 -> 0 | D48: =MAPA!E35 -> 0 | E48: =MAPA!F35 -> 0
A49: 4105 C | B49: =MAPA!B36 -> 0 | C49: =MAPA!D36 -> 0 | D49: =MAPA!E36 -> 0 | E49: =MAPA!F36 -> 0
A50: 4106 A | B50: =MAPA!B37 -> ISABELA COUTO 2A | C50: =MAPA!D37 -> 240 | D50: =MAPA!E37 -> 0 | E50: =MAPA!F37 -> LV+ACHO
A51: 4106 B | B51: =MAPA!B38 -> 0 | C51: =MAPA!D38 -> 0 | D51: =MAPA!E38 -> 0 | E51: =MAPA!F38 -> 0
A52: 4106 C | B52: =MAPA!B39 -> 0 | C52: =MAPA!D39 -> 0 | D52: =MAPA!E39 -> 0 | E52: =MAPA!F39 -> 0
A53: 4107 A | B53: =MAPA!B40 -> 0 | C53: =MAPA!D40 -> 0 | D53: =MAPA!E40 -> 0 | E53: =MAPA!F40 -> 0
A54: 4107 B | B54: =MAPA!B41 -> 0 | C54: =MAPA!D41 -> 0 | D54: =MAPA!E41 -> 0 | E54: =MAPA!F41 -> 0
... A76: 4114 C | B76: =MAPA!B63 -> LORRANA BEATRIZ CARDOSO, 1A | C76: =MAPA!D63 -> 240 | D76: =MAPA!E63 -> 0 | E76: =MAPA!F63 -> LV+ACHOCOLATADO
A77: 4201 | B77: =MAPA!B68 -> RN DE MAIRA ALEXANDRA (Augusto) | C77: =MAPA!D68 -> 40 | D77: =MAPA!E68 -> LM | E77: =MAPA!F68 -> FL TRANSIÇÃO
A78: 4202 | B78: =MAPA!B69 -> 0 | C78: =MAPA!D69 -> 0 | D78: =MAPA!E69 -> 0 | E78: =MAPA!F69 -> 0
A79: 4203 | B79: =MAPA!B70 -> RN DE ANA CLAUDIA VARGAS (Manuela) | C79: =MAPA!D70 -> 32 | D79: =MAPA!E70 -> LM + FM | E79: =MAPA!F70 -> FL PREMATURO
A80: 4204 | B80: =MAPA!B71 -> RN DE TAINARA DE CARVALHO BOTELHO (Jhon Peter) | C80: =MAPA!D71 -> 25 | D80: =MAPA!E71 -> LM | E80: =MAPA!F71 -> FL PREMATURO
A81: 4205 | B81: =MAPA!B72 -> RN ELISSANGELA MENDES | C81: =MAPA!D72 -> 31 | D81: =MAPA!E72 -> LM | E81: =MAPA!F72 -> FL 1º SEMESTRE
A82: 4206 | B82: =MAPA!B73 -> RN DE JENIFER VITÓRIA (Oliver) | C82: =MAPA!D73 -> 16 | D82: =MAPA!E73 -> LM | E82: =MAPA!F73 -> FL PREMATURO
A83: 4207 | B83: =MAPA!B74 -> RN GIOVANA MEDEIROS (Camila) | C83: =MAPA!D74 -> 62 | D83: =MAPA!E74 -> LM | E83: =MAPA!F74 -> FL 1º SEMESTRE
A84: 4208 | B84: =MAPA!B75 -> 0 | C84: =MAPA!D75 -> 0 | D84: =MAPA!E75 -> 0 | E84: =MAPA!F75 -> 0
A85: 4209 | B85: =MAPA!H76 -> 0 | C85: =MAPA!#REF! -> #REF! | D85: =MAPA!#REF! -> #REF! | E85: =MAPA!#REF! -> #REF!
A86: 4210 | B86: =MAPA!B77 -> RN DE DEZERRE DA ROSA AGUIRRE (Murilo) | C86: =MAPA!D77 -> 50 | D86: =MAPA!E77 -> LM | E86: =MAPA!F77 -> FL 1º SEMESTRE
A87: 4211 | B87: =MAPA!B78 -> RN DE MAIRA DANIELE | C87: =MAPA!D78 -> 9 | D87: =MAPA!E78 -> LM | E87: =MAPA!F78 -> FL 1° SEMESTRE
A88: 4212 | B88: =MAPA!B79 -> 0 | C88: =MAPA!D79 -> 0 | D88: =MAPA!E79 -> 0 | E88: =MAPA!F79 -> 0
A89: 4213 | B89: =MAPA!B80 -> 0 | C89: =MAPA!D80 -> 0 | D89: =MAPA!E80 -> 0 | E89: =MAPA!F80 -> 0
A90: 4214 | B90: =MAPA!B81 -> RN MILENA DA CRUZ PARANHOS (Felipe) | C90: =MAPA!D81 -> 60 | D90: =MAPA!E81 -> LM | E90: =MAPA!F81 -> FL HIDROLISADA
A91: 4215 | B91: =MAPA!B82 -> 0 | C91: =MAPA!D82 -> 0 | D91: =MAPA!E82 -> 0 | E91: =MAPA!F82 -> 0
A92: 4216 | B92: =MAPA!B83 -> 0 | C92: =MAPA!D83 -> 0 | D92: =MAPA!E83 -> 0 | E92: =MAPA!F83 -> 0
A93: 4217 | B93: =MAPA!B84 -> 0 | C93: =MAPA!D85 -> 0 | D93: =MAPA!E85 -> 0 | E93: =MAPA!F85 -> 0
A94: 4218 | B94: =MAPA!B85 -> 0 | C94: =MAPA!D86 -> 0 | D94: =MAPA!E85 -> 0 | E94: =MAPA!F85 -> 0
A95: 4219 | B95: =MAPA!B86 -> 0 | C95: =MAPA!D86 -> 0 | D95: =MAPA!E86 -> 0 | E95: =MAPA!F86 -> 0
A96: 4220 | B96: =MAPA!B88 -> 0 | C96: =MAPA!D88 -> 0 | D96: =MAPA!E88 -> 0 | E96: =MAPA!F88 -> 0
A97: 4221 | B97: =MAPA!B89 -> RN GABRIELA DIAS BERTODO (Gabriel) | C97: =MAPA!D89 -> 40 | D97: =MAPA!E89 -> LM | E97: =MAPA!F89 -> FL TRANSIÇÃO
A98: 4222 | B98: =MAPA!B90 -> RN DE CLAUDIA OLIVEIRA | C98: =MAPA!D90 -> 43 | D98: =MAPA!E90 -> 0 | E98: =MAPA!F90 -> FL 1º SEMESTRE
A99: 4223 | B99: =MAPA!B91 -> 0 | C99: =MAPA!D91 -> 0 | D99: =MAPA!E91 -> 0 | E99: =MAPA!F91 -> 0
A100: 4224 | B100: =MAPA!B92 -> 0 | C100: =MAPA!D92 -> 0 | D100: =MAPA!E92 -> 0 | E100: =MAPA!F92 -> 0
A101: 4225 | B101: =MAPA!B93 -> RN DE ANA PAULA ARAUJO | C101: =MAPA!D93 -> 80 | D101: =MAPA!E93 -> LM | E101: =MAPA!F93 -> FL 1º SEMESTRE
A102: 4226 | B102: =MAPA!B94 -> G1 KELLY SANTOS | C102: =MAPA!D94 -> 20 | D102: =MAPA!E94 -> LM | E102: =MAPA!F94 -> FL 1° SEMESTRE
A103: 4227 | B103: =MAPA!B95 -> 0 | C103: =MAPA!D95 -> 0 | D103: =MAPA!E95 -> 0 | E103: =MAPA!F95 -> 0
A104: 4228 | B104: =MAPA!B96 -> RN VIRGINIA AGNES DA SILVA (Fernando) | C104: =MAPA!D96 -> 100 | D104: =MAPA!E96 -> LM | E104: =MAPA!F96 -> FL 1º SEMESTRE
A105: 4229 | B105: =MAPA!B97 -> RN SUELEM CAMPOS | C105: =MAPA!D97 -> 55 | D105: =MAPA!E97 -> LM | E105: =MAPA!F97 -> FL 1º SEMESTRE
A106: 4230 | B106: =MAPA!B98 -> 0 | C106: =MAPA!D98 -> 0 | D106: =MAPA!E98 -> 0 | E106: =MAPA!F98 -> 0
A107: 4241 | B107: =MAPA!B100 -> 0 | C107: =MAPA!D100 -> 0 | D107: =MAPA!E100 -> 0 | E107: =MAPA!F100 -> 0
A108: 4242 | B108: =MAPA!B101 -> 0 | C108: =MAPA!D101 -> 0 | D108: =MAPA!E101 -> 0 | E108: =MAPA!F101 -> 0
A109: 4243 | B109: =MAPA!B102 -> 0 | C109: =MAPA!D102 -> 0 | D109: =MAPA!E102 -> 0 | E109: =MAPA!F102 -> 0
A110: 4244 | B110: =MAPA!B103 -> 0 | C110: =MAPA!D103 -> 0 | D110: =MAPA!E103 -> 0 | E110: =MAPA!F103 -> 0
A111: 4245 | B111: =MAPA!B104 -> 0 | C111: =MAPA!D104 -> 0 | D111: =MAPA!E104 -> 0 | E111: =MAPA!F104 -> 0
A112: 9001 A | B112: =MAPA!#REF! -> #REF! | C112: =MAPA!#REF! -> #REF! | D112: =MAPA!#REF! -> #REF! | E112: =MAPA!#REF! -> #REF!
A113: 9001 B | B113: =MAPA!#REF! -> #REF! | C113: =MAPA!#REF! -> #REF! | D113: =MAPA!#REF! -> #REF! | E113: =MAPA!#REF! -> #REF!
A114: 9002 A | B114: =MAPA!#REF! -> #REF! | C114: =MAPA!#REF! -> #REF! | D114: =MAPA!#REF! -> #REF! | E114: =MAPA!#REF! -> #REF!
A115: 9002 B | B115: =MAPA!#REF! -> #REF! | C115: =MAPA!#REF! -> #REF! | D115: =MAPA!#REF! -> #REF! | E115: =MAPA!#REF! -> #REF!
A116: 9003 A | B116: =MAPA!#REF! -> #REF! | C116: =MAPA!#REF! -> #REF! | D116: =MAPA!#REF! -> #REF! | E116: =MAPA!#REF! -> #REF!
A117: 9003 B | B117: =MAPA!#REF! -> #REF! | C117: =MAPA!#REF! -> #REF! | D117: =MAPA!#REF! -> #REF! | E117: =MAPA!#REF! -> #REF!
A118: 9002 A | B118: =MAPA!#REF! -> #REF! | C118: =MAPA!#REF! -> #REF! | D118: =MAPA!#REF! -> #REF! | E118: =MAPA!#REF! -> #REF!
A119: 9002 B | B119: =MAPA!#REF! -> #REF! | C119: =MAPA!#REF! -> #REF! | D119: =MAPA!#REF! -> #REF! | E119: =MAPA!#REF! -> #REF!
A120: 9003 A | B120: =MAPA!B109 -> 0 | C120: =MAPA!D109 -> 0 | D120: =MAPA!E109 -> 0 | E120: =MAPA!F109 -> 0
A121: 9003 B | B121: =MAPA!B110 -> 0 | C121: =MAPA!D110 -> 0 | D121: =MAPA!E110 -> 0 | E121: =MAPA!F110 -> 0
A122: 9004 A | B122: =MAPA!B112 -> 0 | C122: =MAPA!D112 -> 0 | D122: =MAPA!E112 -> 0 | E122: =MAPA!F112 -> 0
A123: 9004 B | B123: =MAPA!B113 -> 0 | C123: =MAPA!D113 -> 0 | D123: =MAPA!E113 -> 0 | E123: =MAPA!F113 -> 0
...

Sheet Etiquetas UTIP
A1: ETIQUETA LACTÁRIO - UTI PEDIÁTRICA
A2: Leito: | B2: =MAPA!A8 -> 4001 | G2: Leito: | H2: =MAPA!A9 -> 4002
A3: Nome: | B3: =MAPA!B8 -> OTAVIO DA SILVEIRA LEMOS,6M | G3: Nome: | H3: =MAPA!B9 -> BEATRIZ RUAS DA SILVA, 1A11M
A4: =MAPA!D8 -> 120 | B4: ml | C4: Via: | D4: =MAPA!C8 -> SNE | E4: =MAPA!G8 -> 3/3H | G4: =MAPA!D9 -> 90 | H4: ml | I4: Via: | J4: =MAPA!C9 -> SNE | K4: =MAPA!G9 -> 3/3H
A5: =MAPA!E8 -> 0 | B5: =MAPA!F8 -> FL HIDROLISADA (15,9%) | G5: =MAPA!E9 -> 0 | H5: =MAPA!F9 -> FORTINI
A6: Horário : | B6: 00h - 06h - 09h - 12h - 15h - 18h - 21h | G6: Horário : | H6: 00h - 06h - 09h - 12h - 15h - 18h - 21h
A7: Manipulação: | C7: =MAPA!A4 -> DATA : 10/10/2019 | G7: Manipulação: | I7: =MAPA!A4 -> DATA : 10/10/2019
A8: 10h-10:30 16h - 16:30 22h-22:30 04h- 04:30 | G8: 10h-10:30 16h - 16:30 22h-22:30 04h- 04:30
A9: Validade: Consumir em até 2h após a entrega. | E9: RT: Tatiana Betina Nantal - CRN2 2240 | G9: Validade: Consumir em até 2h após a entrega. | K9: RT: Tatiana Betina Nantal - CRN2 2240
A10: Temperatura para conservação até 5°C | G10: Temperatura para conservação até 5°C
A12: Leito: | B12: =MAPA!A10 -> 4003 | G12: Leito: | H12: =MAPA!A11 -> 4004
A13: Nome: | B13: =MAPA!B10 -> ANTHONIA JULIA RANZAN 2A5M | G13: Nome: | H13: =MAPA!B11 -> KEIVID LUAN KLAUCK 11A
A14: =MAPA!D10 -> 240 | B14: ml | C14: Via: | D14: =MAPA!C10 -> VO | E14: =MAPA!G11 -> 3/3H | G14: =MAPA!D11 -> 60 | H14: ml | I14: Via: | J14: =MAPA!C11 -> SNE | K14: =MAPA!#REF! -> #REF!
A15: =MAPA!E10 -> 0 | B15: =MAPA!F10 -> LV + ACHOCOLATADO | G15: =MAPA!E11 -> 0 | H15: =MAPA!F11 -> FL HIDROLISADA
A16: Horário : | B16: 00h - 03h - 06h - 09h - 12h - 15h - 18h - 21h | G16: Horário : | H16: 00h - 03h - 06h - 09h - 12h - 15h - 18h - 21h
A17: Manipulação: | C17: =MAPA!A4 -> DATA : 10/10/2019 | G17: Manipulação: | I17: =MAPA!A4 -> DATA : 10/10/2019
A18: 10h-10:30 16h - 16:30 22h-22:30 04h- 04:30 | G18: 10h-10:30 16h - 16:30 22h-22:30 04h- 04:30
A19: Validade: Consumir em até 2h após a entrega. | E19: RT: Tatiana Betina Nantal - CRN2 2240 | G19: Validade: Consumir em até 2h após a entrega. | K19: RT: Tatiana Betina Nantal - CRN2 2240
A20: Temperatura para conservação até 5°C | G20: Temperatura para conservação até 5°C
A23: Leito: | B23: =MAPA!A12 -> 4005 | G23: Leito: | H23: =MAPA!A13 -> 4006
A24: Nome: | B24: =MAPA!B12 -> BIANCA GABRIELLY MACHADO, 6M | G24: Nome: | H24: =MAPA!B13 -> 0
A25: =MAPA!D12 -> 70 | B25: ml | C25: Via: | D25: =MAPA!C12 -> SNE | E25: =MAPA!G12 -> 3/3H | G25: =MAPA!D13 -> 0 | H25: ml | I25: Via: | J25: =MAPA!C13 -> 0 | K25: =MAPA!G13 -> 0
A26: =MAPA!E12 -> 0 | B26: =MAPA!F12 -> FL 1º SEMESTRE | G26: =MAPA!E13 -> 0 | H26: =MAPA!F13 -> 0
A27: Horário : | B27: 00h - 03h - 06h - 09h - 12h - 15h - 18h - 21h | G27: Horário : | H27: 00h - 03h - 06h - 09h - 12h - 15h - 18h - 21h
A28: Manipulação: | C28: =MAPA!A4 -> DATA : 10/10/2019 | G28: Manipulação: | I28: =MAPA!A4 -> DATA : 10/10/2019
A29: 10h-10:30 16h - 16:30 22h-22:30 04h- 04:30 | G29: 10h-10:30 16h - 16:30 22h-22:30 04h- 04:30
A30: Validade: Consumir em até 2h após a entrega. | E30: RT: Tatiana Betina Nantal - CRN2 2240 | G30: Validade: Consumir em até 2h após a entrega. | K30: RT: Tatiana Betina Nantal - CRN2 2240
A31: Temperatura para conservação até 5°C | G31: Temperatura para conservação até 5°C
A34: Leito: | B34: =MAPA!A14 -> 4007 | G34: Leito: | H34: =MAPA!A15 -> 4008
A35: Nome: | B35: =MAPA!B14 -> 0 | G35: Nome: | H35: =MAPA!B15 -> MARIA FLORÊNCIA A. M. DUARTE, 2A3M
A36: =MAPA!D14 -> 0 | B36: ml | C36: Via: | D36: =MAPA!C14 -> 0 | E36: =MAPA!G14 -> 0 | G36: =MAPA!D15 -> 100 | H36: ml | I36: Via: | J36: =MAPA!C15 -> SNE | K36: =MAPA!G15 -> 3/3H
A37: =MAPA!E14 -> 0 | B37: =MAPA!F14 -> 0 | G37: =MAPA!E15 -> - | H37: =MAPA!F15 -> FORTINI
A38: Horário : | B38: 00h - 03h - 06h - 09h - 12h - 15h - 18h - 21h | G38: Horário : | H38: 00h - 03h - 06h - 09h - 12h - 15h - 18h - 21h
A39: Manipulação: | C39: =MAPA!A4 -> DATA : 10/10/2019 | G39: Manipulação: | I39: =MAPA!A4 -> DATA : 10/10/2019
A40: 10h-10:30 16h - 16:30 22h-22:30 04h- 04:30 | G40: 10h-10:30 16h - 16:30 22h-22:30 04h- 04:30
A41: Validade: Consumir em até 2h após a entrega. | E41: RT: Tatiana Betina Nantal - CRN2 2240 | G41: Validade: Consumir em até 2h após a entrega. | K41: RT: Tatiana Betina Nantal - CRN2 2240
A42: Temperatura para conservação até 5°C | G42: Temperatura para conservação até 5°C
A45: Leito: | B45: =MAPA!A16 -> 4009 | G45: Leito: | H45: =MAPA!A17 -> 4010
A46: Nome: | B46: =MAPA!B16 -> 0 | G46: Nome: | H46: =MAPA!B17 -> ALICE MANUELLA DORNELES, 8M
A47: =MAPA!D16 -> 0 | B47: ml | C47: Via: | D47: =MAPA!C16 -> 0 | E47: =MAPA!G16 -> 0 | G47: =MAPA!D17 -> 140 | H47: ml | I47: Via: | J47: =MAPA!C17 -> SNE | K47: =MAPA!G17 -> 3/3H
A48: =MAPA!E16 -> 0 | B48: =MAPA!F16 -> 0 | G48: =MAPA!E17 -> 0 | H48: =MAPA!F17 -> FL AA + MMD ROSA COMUM
A49: Horário : | B49: 00h - 03h - 06h - 09h - 12h - 15h - 18h - 21h | G49: Horário : | H49: 00h - 03h - 06h - 09h - 12h - 15h - 18h - 21h
A50: Manipulação: | C50: =MAPA!A4 -> DATA : 10/10/2019 | G50: Manipulação: | I50: =MAPA!A4 -> DATA : 10/10/2019
A51: 10h-10:30 16h - 16:30 22h-22:30 04h- 04:30 | G51: 10h-10:30 16h - 16:30 22h-22:30 04h- 04:30
A52: Validade: Consumir em até 2h após a entrega. | E52: RT: Tatiana Betina Nantal - CRN2 2240 | G52: Validade: Consumir em até 2h após a entrega. | K52: RT: Tatiana Betina Nantal - CRN2 2240
A53: Temperatura para conservação até 5°C | G53: Temperatura para conservação até 5°C

Sheet Etiquetas PED
A1: ETIQUETA LACTÁRIO - INTERNAÇÃO PEDIÁTRICA | M1: RETAGUARDA
A2: Leito: | B2: =MAPA!A22 -> 4101 A | G2: Leito: | H2: =MAPA!A23 -> 4101 B | M2: Leito: | N2: =MAPA!A24 -> 4101 C
A3: Nome: | B3: =MAPA!B22 -> LOUISE REOLON CHUVAS, 4A | G3: Nome: | H3: =MAPA!B23 -> 0 | M3: Nome: | N3: =MAPA!B24 -> 0
A4: =MAPA!D22 -> 240 | B4: ml | C4: Via: | D4: =MAPA!C22 -> VO | E4: =MAPA!G22 -> 7:30-15-21H | G4: =MAPA!D23 -> 0 | H4: ml | I4: Via: | J4: =MAPA!C23 -> 0 | K4: =MAPA!G23 -> 0 | M4: =MAPA!D24 -> 0 | N4: ml | O4: Via: | P4: =MAPA!C24 -> 0 | Q4: =MAPA!G24 -> 0
A5: =MAPA!E22 -> 0 | B5: =MAPA!F22 -> LV+ACHOCOLATADO | G5: =MAPA!E23 -> 0 | H5: =MAPA!F23 -> 0 | M5: =MAPA!E24 -> 0 | N5: =MAPA!F24 -> 0
A6: Horário : | B6: 00h - 03h - 06h - 09h - 12h - 15h - 18h - 21h | G6: Horário : | H6: 00h - 03h - 06h - 09h - 12h - 15h - 18h - 21h | M6: Horário : | N6: 00h - 03h - 06h - 09h - 12h - 15h - 18h - 21h
A7: Manipulação: | C7: =MAPA!A4 -> DATA : 10/10/2019 | G7: Manipulação: | I7: =MAPA!A4 -> DATA : 10/10/2019 | M7: Manipulação: | O7: =MAPA!A4 -> DATA : 10/10/2019
A8: 10h-10:30 16h - 16:30 22h-22:30 04h- 04:30 | G8: 10h-10:30 16h - 16:30 22h-22:30 04h- 04:30 | M8: 10h-10:30 16h - 16:30 22h-22:30 04h- 04:30
A9: Validade: Consumir em até 1h após a entrega. | E9: RT: Tatiana Betina Nantal - CRN2 2240 | G9: Validade: Consumir em até 1h após a entrega. | K9: RT: Tatiana Betina Nantal - CRN2 2240 | M9: Validade: Consumir em até 1h após a entrega. | Q9: RT: Tatiana Betina Nantal - CRN2 2240
A10: Temperatura para conservação até 5°C | G10: Temperatura para conservação até 5°C | M10: Temperatura para conservação até 5°C
A13: Leito: | B13: =MAPA!A25 -> 4102 A | G13: Leito: | H13: =MAPA!A26 -> 4102 B | M13: Leito: | N13: =MAPA!A27 -> 4102 C
A14: Nome: | B14: =MAPA!B25 -> 0 | G14: Nome: | H14: =MAPA!B26 -> LUIZ FELIPE ELIAS SILVA, 9M | M14: Nome: | N14: =MAPA!B28 -> 0
A15: =MAPA!D25 -> 0 | B15: ml | C15: Via: | D15: =MAPA!C25 -> 0 | E15: =MAPA!G25 -> 0 | G15: =MAPA!D26 -> 200 | H15: ml | I15: Via: | J15: =MAPA!C26 -> VO | K15: =MAPA!G26 -> 3/3H (-18 -03H -09H) | M15: =MAPA!D29 -> 0 | N15: ml | O15: Via: | P15: =MAPA!C29 -> 0 | Q15: =MAPA!G29 -> 0
A16: =MAPA!E25 -> 0 | B16: =MAPA!F25 -> 0 | G16: =MAPA!E26 -> 0 | H16: =MAPA!F26 -> FL 2º SEMESTRE | M16: =MAPA!E29 -> 0 | N16: =MAPA!F30 -> 0
A17: Horário : | B17: 00h - 03h - 06h - 09h - 12h - 15h - 18h - 21h | G17: Horário : | H17: 00h - 03h - 06h - 09h - 12h - 15h - 18h - 21h | M17: Horário : | N17: 00h - 03h - 06h - 09h - 12h - 15h - 18h - 21h
A18: Manipulação: | C18: =MAPA!A4 -> DATA : 10/10/2019 | G18: Manipulação: | I18: =MAPA!A4 -> DATA : 10/10/2019 | M18: Manipulação: | O18: =MAPA!A4 -> DATA : 10/10/2019
A19: 10h-10:30 16h - 16:30 22h-22:30 04h- 04:30 | G19: 10h-10:30 16h - 16:30 22h-22:30 04h- 04:30 | M19: 10h-10:30 16h - 16:30 22h-22:30 04h- 04:30
A20: Validade: Consumir em até 2h após a entrega. | E20: RT: Tatiana Betina Nantal - CRN2 2240 | G20: Validade: Consumir em até 2h após a entrega. | K20: RT: Tatiana Betina Nantal - CRN2 2240 | M20: Validade: Consumir em até 2h após a entrega. | Q20: RT: Tatiana Betina Nantal - CRN2 2240
A21: Temperatura para conservação até 5°C | G21: Temperatura para conservação até 5°C | M21: Temperatura para conservação até 5°C
A24: Leito: | B24: =MAPA!A28 -> 4103 A | G24: Leito: | H24: =MAPA!A29 -> 4103 B | M24: Leito: | N24: =MAPA!A30 -> 4103 C
A25: Nome: | B25: =MAPA!B28 -> 0 | G25: Nome: | H25: =MAPA!B29 -> 0 | M25: Nome: | N25: =MAPA!B30 -> 0
A26: =MAPA!D28 -> 0 | B26: ml | C26: Via: | D26: =MAPA!C28 -> 0 | E26: =MAPA!G28 -> 0 | G26: =MAPA!D29 -> 0 | H26: ml | I26: Via: | J26: =MAPA!C29 -> 0 | K26: =MAPA!G29 -> 0 | M26: =MAPA!D30 -> 0 | N26: ml | O26: Via: | P26: =MAPA!C30 -> 0 | Q26: =MAPA!G30 -> 0
A27: =MAPA!#REF! -> #REF! | B27: =MAPA!F28 -> 0 | G27: =MAPA!E29 -> 0 | H27: =MAPA!F30 -> 0 | M27: =MAPA!E30 -> 0 | N27: =MAPA!#REF! -> #REF!
A28: Horário : | B28: 00h - 03h - 06h - 09h - 12h - 15h - 18h - 21h | G28: Horário : | H28: 00h - 03h - 06h - 09h - 12h - 15h - 18h - 21h | M28: Horário : | N28: 00h - 03h - 06h - 09h - 12h - 15h - 18h - 21h
A29: Manipulação: | C29: =MAPA!A4 -> DATA : 10/10/2019 | G29: Manipulação: | I29: =MAPA!A4 -> DATA : 10/10/2019 | M29: Manipulação: | O29: =MAPA!A4 -> DATA : 10/10/2019
A30: 10h-10:30 16h - 16:30 22h-22:30 04h- 04:30 | G30: 10h-10:30 16h - 16:30 22h-22:30 04h- 04:30 | M30: 10h-10:30 16h - 16:30 22h-22:30 04h- 04:30
A31: Validade: Consumir em até 1h após a entrega. | E31: RT: Tatiana Betina Nantal - CRN2 2240 | G31: Validade: Consumir em até 1h após a entrega. | K31: RT: Tatiana Betina Nantal - CRN2 2240 | M31: Validade: Consumir em até 1h após a entrega. | Q31: RT: Tatiana Betina Nantal - CRN2 2240
A32: Temperatura para conservação até 5°C | G32: Temperatura para conservação até 5°C | M32: Temperatura para conservação até 5°C
A35: Leito: | B35: =MAPA!A31 -> 4104 A | G35: Leito: | H35: =MAPA!A32 -> 4104 B | M35: Leito: | N35: =MAPA!A33 -> 4104 C
A36: Nome: | B36: =MAPA!B31 -> 0 | G36: Nome: | H36: =MAPA!B32 -> 0 | M36: Nome: | N36: =MAPA!B33 -> 0
A37: =MAPA!D31 -> 0 | B37: ml | C37: Via: | D37: =MAPA!C31 -> 0 | E37: =MAPA!G31 -> 0 | G37: =MAPA!D32 -> 0 | H37: ml | I37: Via: | J37: =MAPA!C32 -> 0 | K37: =MAPA!G32 -> 0 | M37: =MAPA!D33 -> 0 | N37: ml | O37: Via: | P37: =MAPA!C33 -> 0 | Q37: =MAPA!G33 -> 0
A38: =MAPA!E31 -> 0 | B38: =MAPA!F31 -> 0 | G38: =MAPA!E32 -> 0 | H38: =MAPA!F32 -> 0 | M38: =MAPA!E33 -> 0 | N38: =MAPA!F33 -> 0
A39: Horário : | B39: 00h - 03h - 06h - 09h - 12h - 15h - 18h - 21h | G39: Horário : | H39: 00h - 03h - 06h - 09h - 12h - 15h - 18h - 21h | M39: Horário : | N39: 00h - 03h - 06h - 09h - 12h - 15h - 18h - 21h
A40: Manipulação: | C40: =MAPA!A4 -> DATA : 10/10/2019 | G40: Manipulação: | I40: =MAPA!A4 -> DATA : 10/10/2019 | M40: Manipulação: | O40: =MAPA!A4 -> DATA : 10/10/2019
A41: 10h-10:30 16h - 16:30 22h-22:30 04h- 04:30 | G41: 10h-10:30 16h - 16:30 22h-22:30 04h- 04:30 | M41: 10h-10:30 16h - 16:30 22h-22:30 04h- 04:30
A42: Validade: Consumir em até 1h após a entrega. | E42: RT: Tatiana Betina Nantal - CRN2 2240 | G42: Validade: Consumir em até 1h após a entrega. | K42: RT: Tatiana Betina Nantal - CRN2 2240 | M42: Validade: Consumir em até 1h após a entrega. | Q42: RT: Tatiana Betina Nantal - CRN2 2240
A43: Temperatura para conservação até 5°C | G43: Temperatura para conservação até 5°C | M43: Temperatura para conservação até 5°C
A46: Leito: | B46: =MAPA!A34 -> 4105 A | G46: Leito: | H46: =MAPA!A35 -> 4105 B | M46: Leito: | N46: =MAPA!A36 -> 4105 C
A47: Nome: | B47: =MAPA!B34 -> 0 | G47: Nome: | H47: =MAPA!B35 -> 0 | M47: Nome: | N47: =MAPA!B36 -> 0
A48: =MAPA!D34 -> 0 | B48: ml | C48: Via: | D48: =MAPA!C34 -> 0 | E48: =MAPA!G34 -> 0 | G48: =MAPA!D35 -> 0 | H48: ml | I48: Via: | J48: =MAPA!C35 -> 0 | K48: =MAPA!G35 -> 0 | M48: =MAPA!D36 -> 0 | N48: ml | O48: Via: | P48: =MAPA!C36 -> 0 | Q48: =MAPA!G36 -> 0
A49: =MAPA!E34 -> 0 | B49: =MAPA!F34 -> 0 | G49: =MAPA!E35 -> 0 | H49: =MAPA!F35 -> 0 | M49: =MAPA!E36 -> 0 | N49: =MAPA!F36 -> 0
A50: Horário : | B50: 00h - 03h - 06h - 09h - 12h - 15h - 18h - 21h | G50: Horário : | H50: 00h - 03h - 06h - 09h - 12h - 15h - 18h - 21h | M50: Horário : | N50: 00h - 03h - 06h - 09h - 12h - 15h - 18h - 21h
A51: Manipulação: | C51: =MAPA!A4 -> DATA : 10/10/2019 | G51: Manipulação: | I51: =MAPA!A4 -> DATA : 10/10/2019 | M51: Manipulação: | O51: =MAPA!A4 -> DATA : 10/10/2019
A52: 10h-10:30 16h - 16:30 22h-22:30 04h- 04:30 | G52: 10h-10:30 16h - 16:30 22h-22:30 04h- 04:30 | M52: 10h-10:30 16h - 16:30 22h-22:30 04h- 04:30
A53: Validade: Consumir em até 1h após a entrega. | E53: RT: Tatiana Betina Nantal - CRN2 2240 | G53: Validade: Consumir em até 1h após a entrega. | K53: RT: Tatiana Betina Nantal - CRN2 2240 | M53: Validade: Consumir em até 1h após a entrega. | Q53: RT: Tatiana Betina Nantal - CRN2 2240
A54: Temperatura para conservação até 5°C | G54: Temperatura para conservação até 5°C | M54: Temperatura para conservação até 5°C
A57: Leito: | B57: =MAPA!A37 -> 4106 A | G57: Leito: | H57: =MAPA!A38 -> 4106 B | M57: Leito: | N57: =MAPA!A39 -> 4106 C
A58: Nome: | B58: =MAPA!B27 -> 0 | G58: Nome: | H58: =MAPA!B38 -> 0 | M58: Nome: | N58: =MAPA!B39 -> 0
A59: =MAPA!D37 -> 240 | B59: ml | C59: Via: | D59: =MAPA!C37 -> VO | E59: =MAPA!G37 -> 7:30-15-21-24 | G59: =MAPA!D38 -> 0 | H59: ml | I59: Via: | J59: =MAPA!C38 -> 0 | K59: =MAPA!G38 -> 0 | M59: =MAPA!D39 -> 0 | N59: ml | O59: Via: | P59: =MAPA!C39 -> 0 | Q59: =MAPA!G39 -> 0
A60: =MAPA!E37 -> 0 | B60: =MAPA!F37 -> LV+ACHO | G60: =MAPA!E38 -> 0 | H60: =MAPA!F38 -> 0 | M60: =MAPA!E39 -> 0 | N60: =MAPA!F39 -> 0
A61: Horário : | B61: 00h - 03h - 06h - 09h - 12h - 15h - 18h - 21h | G61: Horário : | H61: 00h - 03h - 06h - 09h - 12h - 15h - 18h - 21h | M61: Horário : | N61: 00h - 03h - 06h - 09h - 12h - 15h - 18h - 21h
A62: Manipulação: | C62: =MAPA!A4 -> DATA : 10/10/2019 | G62: Manipulação: | I62: =MAPA!A4 -> DATA : 10/10/2019 | M62: Manipulação: | O62: =MAPA!A4 -> DATA : 10/10/2019
A63: 10h-10:30 16h - 16:30 22h-22:30 04h- 04:30 | G63: 10h-10:30 16h - 16:30 22h-22:30 04h- 04:30 | M63: 10h-10:30 16h - 16:30 22h-22:30 04h- 04:30
A64: Validade: Consumir em até 1h após a entrega. | E64: RT: Tatiana Betina Nantal - CRN2 2240 | G64: Validade: Consumir em até 1h após a entrega. | K64: RT: Tatiana Betina Nantal - CRN2 2240 | M64: Validade: Consumir em até 1h após a entrega. | Q64: RT: Tatiana Betina Nantal - CRN2 2240
A65: Temperatura para conservação até 5°C | G65: Temperatura para conservação até 5°C | M65: Temperatura para conservação até 5°C
A68: Leito: | B68: =MAPA!A40 -> 4107 A | G68: Leito: | H68: =MAPA!A41 -> 4107 B | M68: Leito: | N68: =MAPA!A42 -> 4107 C
A69: Nome: | B69: =MAPA!B40 -> 0 | G69: Nome: | H69: =MAPA!B41 -> 0 | M69: Nome: | N69: =MAPA!B42 -> 0
A70: =MAPA!D40 -> 0 | B70: ml | C70: Via: | D70: =MAPA!C40 -> 0 | E70: =MAPA!G40 -> 0 | G70: =MAPA!D41 -> 0 | H70: ml | I70: Via: | J70: =MAPA!C41 -> 0 | K70: =MAPA!G41 -> 0 | M70: =MAPA!D42 -> 0 | N70: ml | O70: Via: | P70: =MAPA!C42 -> 0 | Q70: =MAPA!G50 -> 0
A71: =MAPA!#REF! -> #REF! | B71: =MAPA!F40 -> 0 | G71: =MAPA!E41 -> 0 | H71: =MAPA!F41 -> 0 | M71: =MAPA!E42 -> 0 | N71: =MAPA!F42 -> 0
A72: Horário : | B72: 00h - 03h - 06h - 09h - 12h - 15h - 18h - 21h | G72: Horário : | H72: 00h - 03h - 06h - 09h - 12h - 15h - 18h - 21h | M72: Horário : | N72: 00h - 03h - 06h - 09h - 12h - 15h - 18h - 21h
A73: Manipulação: | C73: =MAPA!A4 -> DATA : 10/10/2019 | G73: Manipulação: | I73: =MAPA!A4 -> DATA : 10/10/2019 | M73: Manipulação: | O73: =MAPA!A4 -> DATA : 10/10/2019
A74: 10h-10:30 16h - 16:30 22h-22:30 04h- 04:30 | G74: 10h-10:30 16h - 16:30 22h-22:30 04h- 04:30 | M74: 10h-10:30 16h - 16:30 22h-22:30 04h- 04:30
A75: Validade: Consumir em até 1h após a entrega. | E75: RT: Tatiana Betina Nantal - CRN2 2240 | G75: Validade: Consumir em até 1h após a entrega. | K75: RT: Tatiana Betina Nantal - CRN2 2240 | M75: Validade: Consumir em até 1h após a entrega. | Q75: RT: Tatiana Betina Nantal - CRN2 2240
A76: Temperatura para conservação até 5°C | G76: Temperatura para conservação até 5°C | M76: Temperatura para conservação até 5°C
A79: Leito: | B79: =MAPA!A43 -> 4108 A | G79: Leito: | H79: =MAPA!A44 -> 4108 B | M79: Leito: | N79: =MAPA!A45 -> 4108 C
A80: Nome: | B80: =MAPA!B43 -> 0 | G80: Nome: | H80: =MAPA!B44 -> 0 | M80: Nome: | N80: =MAPA!B45 -> 0
A81: =MAPA!D43 -> 0 | B81: ml | C81: Via: | D81: =MAPA!C43 -> 0 | E81: =MAPA!G43 -> 0 | G81: =MAPA!D44 -> 0 | H81: ml | I81: Via: | J81: =MAPA!C44 -> 0 | K81: =MAPA!G44 -> 0 | M81: =MAPA!D45 -> 0 | N81: ml | O81: Via: | P81: =MAPA!C45 -> 0 | Q81: =MAPA!G45 -> 0
A82: =MAPA!E43 -> 0 | B82: =MAPA!F43 -> 0 | G82: =MAPA!E44 -> 0 | H82: =MAPA!F44 -> 0 | M82: =MAPA!E45 -> 0 | N82: =MAPA!F45 -> 0
A83: Horário : | B83: 00h - 03h - 06h - 09h - 12h - 15h - 18h - 21h | G83: Horário : | H83: 00h - 03h - 06h - 09h - 12h - 15h - 18h - 21h | M83: Horário : | N83: 00h - 03h - 06h - 09h - 12h - 15h - 18h - 21h
A84: Manipulação: | C84: =MAPA!A4 -> DATA : 10/10/2019 | G84: Manipulação: | I84: =MAPA!A4 -> DATA : 10/10/2019 | M84: Manipulação: | O84: =MAPA!A4 -> DATA : 10/10/2019
A85: 10h-10:30 16h - 16:30 22h-22:30 04h- 04:30 | G85: 10h-10:30 16h - 16:30 22h-22:30 04h- 04:30 | M85: 10h-10:30 16h - 16:30 22h-22:30 04h- 04:30
A86: Validade: Consumir em até 1h após a entrega. | E86: RT: Tatiana Betina Nantal - CRN2 2240 | G86: Validade: Consumir em até 1h após a entrega. | K86: RT: Tatiana Betina Nantal - CRN2 2240 | M86: Validade: Consumir em até 1h após a entrega. | Q86: RT: Tatiana Betina Nantal - CRN2 2240
A87: Temperatura para conservação até 5°C | G87: Temperatura para conservação até 5°C | M87: Temperatura para conservação até 5°C
A90: Leito: | B90: =MAPA!A46 -> 4109 A | G90: Leito: | H90: =MAPA!A47 -> 4109 B | M90: Leito: | N90: =MAPA!A48 -> 4109 C
A91: Nome: | B91: =MAPA!B46 -> 0 | G91: Nome: | H91: =MAPA!B47 -> 0 | M91: Nome: | N91: =MAPA!B48 -> 0
A92: =MAPA!D46 -> 0 | B92: ml | C92: Via: | D92: =MAPA!C46 -> 0 | E92: =MAPA!G46 -> 0 | G92: =MAPA!D47 -> 0 | H92: ml | I92: Via: | J92: =MAPA!C47 -> 0 | K92: =MAPA!G47 -> 0 | M92: =MAPA!D48 -> 0 | N92: ml | O92: Via: | P92: =MAPA!C48 -> 0 | Q92: =MAPA!G48 -> 0
A93: =MAPA!E46 -> - | B93: =MAPA!F46 -> 0 | G93: =MAPA!E47 -> - | H93: =MAPA!F47 -> 0 | M93: =MAPA!E48 -> - | N93: =MAPA!F48 -> 0
A94: Horário : | B94: 00h - 03h - 06h - 09h - 12h - 15h - 18h - 21h | G94: Horário : | H94: 00h - 03h - 06h - 09h - 12h - 15h - 18h - 21h | M94: Horário : | N94: 00h - 03h - 06h - 09h - 12h - 15h - 18h - 21h
A95: Manipulação: | C95: =MAPA!A4 -> DATA : 10/10/2019 | G95: Manipulação: | I95: =MAPA!A4 -> DATA : 10/10/2019 | M95: Manipulação: | O95: =MAPA!A4 -> DATA : 10/10/2019
A96: 10h-10:30 16h - 16:30 22h-22:30 04h- 04:30 | G96: 10h-10:30 16h - 16:30 22h-22:30 04h- 04:30 | M96: 10h-10:30 16h - 16:30 22h-22:30 04h- 04:30
A97: Validade: Consumir em até 1h após a entrega. | E97: RT: Tatiana Betina Nantal - CRN2 2240 | G97: Validade: Consumir em até 1h após a entrega. | K97: RT: Tatiana Betina Nantal - CRN2 2240 | M97: Validade: Consumir em até 1h após a entrega. | Q97: RT: Tatiana Betina Nantal - CRN2 2240
A98: Temperatura para conservação até 5°C | G98: Temperatura para conservação até 5°C | M98: Temperatura para conservação até 5°C
A101: Leito: | B101: =MAPA!A49 -> 4110 A | G101: Leito: | H101: =MAPA!A50 -> 4110 B | M101: Leito: | N101: =MAPA!A51 -> 4110 C
A102: Nome: | B102: =MAPA!B49 -> MURILO SILVEIRA, 6A | G102: Nome: | H102: =MAPA!B50 -> 0 | M102: Nome: | N102: =MAPA!#REF! -> #REF!
A103: =MAPA!D49 -> 200 | B103: ml | C103: Via: | D103: =MAPA!C49 -> VO | E103: =MAPA!G49 -> 7:30, 21H | G103: =MAPA!D50 -> 0 | H103: ml | I103: Via: | J103: =MAPA!C50 -> 0 | K103: =MAPA!G50 -> 0 | M103: =MAPA!D51 -> 0 | N103: ml | O103: Via: | P103: =MAPA!C51 -> 0 | Q103: =MAPA!G51 -> 0
A104: =MAPA!E49 -> 0 | B104: =MAPA!F49 -> LV+MUCILON | G104: =MAPA!E50 -> 0 | H104: =MAPA!F50 -> 0 | M104: =MAPA!E51 -> 0 | N104: =MAPA!F51 -> 0
A105: Horário : | B105: 00h - 03h - 06h - 09h - 12h - 15h - 18h - 21h | G105: Horário : | H105: 00h - 03h - 06h - 09h - 12h - 15h - 18h - 21h | M105: Horário : | N105: 00h - 03h - 06h - 09h - 12h - 15h - 18h - 21h
A106: Manipulação: | C106: =MAPA!A4 -> DATA : 10/10/2019 | G106: Manipulação: | I106: =MAPA!A4 -> DATA : 10/10/2019 | M106: Manipulação: | O106: =MAPA!A4 -> DATA : 10/10/2019
A107: 10h-10:30 16h - 16:30 22h-22:30 04h- 04:30 | G107: 10h-10:30 16h - 16:30 22h-22:30 04h- 04:30 | M107: 10h-10:30 16h - 16:30 22h-22:30 04h- 04:30
A108: Validade: Consumir em até 1h após a entrega. | E108: RT: Tatiana Betina Nantal - CRN2 2240 | G108: Validade: Consumir em até 1h após a entrega. | K108: RT: Tatiana Betina Nantal - CRN2 2240 | M108: Validade: Consumir em até 1h após a entrega. | Q108: RT: Tatiana Betina Nantal - CRN2 2240
A109: Temperatura para conservação até 5°C | G109: Temperatura para conservação até 5°C | M109: Temperatura para conservação até 5°C
A112: Leito: | B112: =MAPA!A52 -> 4111 A | G112: Leito: | H112: =MAPA!A53 -> 4111 B | M112: Leito: | N112: =MAPA!A54 -> 4111 C
A113: Nome: | B113: =MAPA!B52 -> AGATHA GABRIELE DA COSTA, 1A8M | G113: Nome: | H113: =MAPA!B53 -> 0 | M113: Nome: | N113: =MAPA!B54 -> 0
A114: =MAPA!D52 -> 100 | B114: ml | C114: Via: | D114: =MAPA!C52 -> SNE | E114: =MAPA!G52 -> 3/3H (-3H-24H) | G114: =MAPA!D53 -> 0 | H114: ml | I114: Via: | J114: =MAPA!C53 -> 0 | K114: =MAPA!G53 -> 0 | M114: =MAPA!D54 -> 0 | N114: ml | O114: Via: | P114: =MAPA!C54 -> 0 | Q114: =MAPA!G54 -> 0
A115: =MAPA!E52 -> 0 | B115: =MAPA!F52 -> FORTINI (18,3%) | G115: =MAPA!E53 -> - | H115: =MAPA!F53 -> 0 | M115: =MAPA!E54 -> - | N115: =MAPA!F54 -> 0
A116: Horário : | B116: 00h - 03h - 06h - 09h - 12h - 15h - 18h - 21h | G116: Horário : | H116: 00h - 03h - 06h - 09h - 12h - 15h - 18h - 21h | M116: Horário : | N116: 00h - 03h - 06h - 09h - 12h - 15h - 18h - 21h
A117: Manipulação: | C117: =MAPA!A4 -> DATA : 10/10/2019 | G117: Manipulação: | I117: =MAPA!A4 -> DATA : 10/10/2019 | M117: Manipulação: | O117: =MAPA!A4 -> DATA : 10/10/2019
A118: 10h-10:30 16h - 16:30 22h-22:30 04h- 04:30 | G118: 10h-10:30 16h - 16:30 22h-22:30 04h- 04:30 | M118: 10h-10:30 16h - 16:30 22h-22:30 04h- 04:30
A119: Validade: Consumir em até 1h após a entrega. | E119: RT: Tatiana Betina Nantal - CRN2 2240 | G119: Validade: Consumir em até 1h após a entrega. | K119: RT: Tatiana Betina Nantal - CRN2 2240 | M119: Validade: Consumir em até 1h após a entrega. | Q119: RT: Tatiana Betina Nantal - CRN2 2240
A120: Temperatura para conservação até 5°C | G120: Temperatura para conservação até 5°C | M120: Temperatura para conservação até 5°C
...

Sheet Etiquetas CTI Neo
A1: ETIQUETA LACTÁRIO - UTI NEONATAL
A2: Leito: | B2: =MAPA!A68 -> 4201 | G2: Leito: | H2: =MAPA!A69 -> 4202
A3: Nome: | B3: =MAPA!B68 -> RN DE MAIRA ALEXANDRA (Augusto) | G3: Nome: | H3: =MAPA!B69 -> 0
A4: =MAPA!D68 -> 40 | B4: ml | C4: Via: | D4: =MAPA!C68 -> SOG | E4: =MAPA!G69 -> 0 | G4: =MAPA!D69 -> 0 | H4: ml | I4: Via: | J4: =MAPA!C69 -> 0 | K4: =MAPA!#REF! -> #REF!
A5: =MAPA!E68 -> LM | B5: =MAPA!F68 -> FL TRANSIÇÃO | G5: =MAPA!E69 -> 0 | H5: =MAPA!F69 -> 0
A6: Horário : | B6: 00h - 03h - 06h - 09h - 12h - 15h - 18h - 21h | G6: Horário : | H6: 00h - 03h - 06h - 09h - 12h - 15h - 18h - 21h
A7: Manipulação: | C7: =MAPA!A4 -> DATA : 10/10/2019 | G7: Manipulação: | I7: =MAPA!A4 -> DATA : 10/10/2019
A8: 10h-10:30 16h - 16:30 22h-22:30 04h- 04:30 | G8: 10h-10:30 16h - 16:30 22h-22:30 04h- 04:30
A9: Validade: Consumir em até 1h após a entrega. | E9: RT: Tatiana Betina Nantal - CRN2 2240 | G9: Validade: Consumir em até 1h após a entrega. | K9: RT: Tatiana Betina Nantal - CRN2 2240
A10: Temperatura para conservação até 5°C | G10: Temperatura para conservação até 5°C
A13: Leito: | B13: =MAPA!A70 -> 4203 | G13: Leito: | H13: =MAPA!A71 -> 4204
A14: Nome: | B14: =MAPA!B70 -> RN DE ANA CLAUDIA VARGAS (Manuela) | G14: Nome: | H14: =MAPA!B71 -> RN DE TAINARA DE CARVALHO BOTELHO (Jhon Peter)
A15: =MAPA!D70 -> 32 | B15: ml | C15: Via: | D15: =MAPA!C70 -> SOG | E15: =MAPA!G70 -> 3/3H | G15: =MAPA!D71 -> 25 | H15: ml | I15: Via: | J15: =MAPA!C71 -> SNG | K15: =MAPA!G71 -> 3/3H
A16: =MAPA!E70 -> LM + FM | B16: =MAPA!F70 -> FL PREMATURO | G16: =MAPA!E71 -> LM | H16: =MAPA!F71 -> FL PREMATURO
A17: Horário : | B17: 00h - 03h - 06h - 09h - 12h - 15h - 18h - 21h | G17: Horário : | H17: 00h - 03h - 06h - 09h - 12h - 15h - 18h - 21h
A18: Manipulação: | C18: =MAPA!A4 -> DATA : 10/10/2019 | G18: Manipulação: | I18: =MAPA!A4 -> DATA : 10/10/2019
A19: 10h-10:30 16h - 16:30 22h-22:30 04h- 04:30 | G19: 10h-10:30 16h - 16:30 22h-22:30 04h- 04:30
A20: Validade: Consumir em até 1h após a entrega. | E20: RT: Tatiana Betina Nantal - CRN2 2240 | G20: Validade: Consumir em até 1h após a entrega. | K20: RT: Tatiana Betina Nantal - CRN2 2240
A21: Temperatura para conservação até 5°C | G21: Temperatura para conservação até 5°C
A24: Leito: | B24: =MAPA!A72 -> 4205 | G24: Leito: | H24: =MAPA!A73 -> 4206
A25: Nome: | B25: =MAPA!B72 -> RN ELISSANGELA MENDES | G25: Nome: | H25: =MAPA!B73 -> RN DE JENIFER VITÓRIA (Oliver)
A26: =MAPA!D72 -> 31 | B26: ml | C26: Via: | D26: =MAPA!C72 -> VO | E26: =MAPA!G72 -> 3/3H | G26: =MAPA!D73 -> 16 | H26: ml | I26: Via: | J26: =MAPA!C73 -> SOG | K26: =MAPA!G73 -> 3/3H
A27: =MAPA!E72 -> LM | B27: =MAPA!F72 -> FL 1º SEMESTRE | G27: =MAPA!#REF! -> #REF! | H27: =MAPA!E73 -> LM
A28: Horário : | B28: 00h - 03h - 06h - 09h - 12h - 15h - 18h - 21h | G28: Horário : | H28: 00h - 03h - 06h - 09h - 12h - 15h - 18h - 21h
A29: Manipulação: | C29: =MAPA!A4 -> DATA : 10/10/2019 | G29: Manipulação: | I29: =MAPA!A4 -> DATA : 10/10/2019
A30: 10h-10:30 16h - 16:30 22h-22:30 04h- 04:30 | G30: 10h-10:30 16h - 16:30 22h-22:30 04h- 04:30
A31: Validade: Consumir em até 1h após a entrega. | E31: RT: Tatiana Betina Nantal - CRN2 2240 | G31: Validade: Consumir em até 1h após a entrega. | K31: RT: Tatiana Betina Nantal - CRN2 2240
A32: Temperatura para conservação até 5°C | G32: Temperatura para conservação até 5°C
A35: Leito: | B35: =MAPA!A74 -> 4207 | G35: Leito: | H35: =MAPA!A75 -> 4208
A36: Nome: | B36: =MAPA!B74 -> RN GIOVANA MEDEIROS (Camila) | G36: Nome: | H36: =MAPA!B75 -> 0
A37: =MAPA!D74 -> 62 | B37: ml | C37: Via: | D37: =MAPA!C74 -> VO | E37: =MAPA!G74 -> 3/3H | G37: =MAPA!D75 -> 0 | H37: ml | I37: Via: | J37: =MAPA!C75 -> 0 | K37: =MAPA!G75 -> 0
A38: =MAPA!E74 -> LM | B38: =MAPA!F74 -> FL 1º SEMESTRE | G38: =MAPA!E75 -> 0 | H38: =MAPA!F75 -> 0
A39: Horário : | B39: 00h - 03h - 06h - 09h - 12h - 15h - 18h - 21h | G39: Horário : | H39: 00h - 03h - 06h - 09h - 12h - 15h - 18h - 21h
A40: Manipulação: | C40: =MAPA!A4 -> DATA : 10/10/2019 | G40: Manipulação: | I40: =MAPA!A4 -> DATA : 10/10/2019
A41: 10h-10:30 16h - 16:30 22h-22:30 04h- 04:30 | G41: 10h-10:30 16h - 16:30 22h-22:30 04h- 04:30
A42: Validade: Consumir em até 1h após a entrega. | E42: RT: Tatiana Betina Nantal - CRN2 2240 | G42: Validade: Consumir em até 1h após a entrega. | K42: RT: Tatiana Betina Nantal - CRN2 2240
A43: Temperatura para conservação até 5°C | G43: Temperatura para conservação até 5°C
A46: Leito: | B46: =MAPA!A76 -> 4209 | G46: Leito: | H46: =MAPA!A77 -> 4210
A47: Nome: | B47: =MAPA!B76 -> RN DE DANIELA ARAGÃO MAUER (Marco Antônio) | G47: Nome: | H47: =MAPA!B77 -> RN DE DEZERRE DA ROSA AGUIRRE (Murilo)
A48: =MAPA!D76 -> 50 | B48: ml | C48: Via: | D48: =MAPA!C76 -> SOG | E48: =MAPA!G16 -> 0 | G48: =MAPA!D77 -> 50 | H48: ml | I48: Via: | J48: =MAPA!C77 -> VO | K48: =MAPA!G77 -> 3/3H
A49: =MAPA!E76 -> LM | B49: =MAPA!F76 -> FL 1º SEMESTRE | G49: =MAPA!E77 -> LM | H49: =MAPA!F77 -> FL 1º SEMESTRE
A50: Horário : | B50: 00h - 03h - 06h - 09h - 12h - 15h - 18h - 21h | G50: Horário : | H50: 00h - 03h - 06h - 09h - 12h - 15h - 18h - 21h
A51: Manipulação: | C51: =MAPA!A4 -> DATA : 10/10/2019 | G51: Manipulação: | I51: =MAPA!A4 -> DATA : 10/10/2019
A52: 10h-10:30 16h - 16:30 22h-22:30 04h- 04:30 | G52: 10h-10:30 16h - 16:30 22h-22:30 04h- 04:30
A53: Validade: Consumir em até 1h após a entrega. | E53: RT: Tatiana Betina Nantal - CRN2 2240 | G53: Validade: Consumir em até 1h após a entrega. | K53: RT: Tatiana Betina Nantal - CRN2 2240
A54: Temperatura para conservação até 5°C | G54: Temperatura para conservação até 5°C
A57: Leito: | B57: =MAPA!A78 -> 4211 | G57: Leito: | H57: =MAPA!A79 -> 4212
A58: Nome: | B58: =MAPA!B78 -> RN DE MAIRA DANIELE | G58: Nome: | H58: =MAPA!B79 -> 0
A59: =MAPA!D78 -> 9 | B59: ml | C59: Via: | D59: =MAPA!C78 -> SNG | E59: =MAPA!G78 -> 3/3H | G59: =MAPA!D79 -> 0 | H59: ml | I59: Via: | J59: =MAPA!C79 -> 0 | K59: =MAPA!G79 -> 0
A60: =MAPA!E78 -> LM | B60: =MAPA!F78 -> FL 1° SEMESTRE | G60: =MAPA!E79 -> 0 | H60: =MAPA!F79 -> 0
A61: Horário : | B61: 00h - 03h - 06h - 09h - 12h - 15h - 18h - 21h | G61: Horário : | H61: 00h - 03h - 06h - 09h - 12h - 15h - 18h - 21h
A62: Manipulação: | C62: =MAPA!A4 -> DATA : 10/10/2019 | G62: Manipulação: | I62: =MAPA!A4 -> DATA : 10/10/2019
A63: 10h-10:30 16h - 16:30 22h-22:30 04h- 04:30 | G63: 10h-10:30 16h - 16:30 22h-22:30 04h- 04:30
A64: Validade: Consumir em até 1h após a entrega. | E64: RT: Tatiana Betina Nantal - CRN2 2240 | G64: Validade: Consumir em até 1h após a entrega. | K64: RT: Tatiana Betina Nantal - CRN2 2240
A65: Temperatura para conservação até 5°C | G65: Temperatura para conservação até 5°C
A68: Leito: | B68: =MAPA!A80 -> 4213 | G68: Leito: | H68: =MAPA!A81 -> 4214
A69: Nome: | B69: =MAPA!B80 -> 0 | G69: Nome: | H69: =MAPA!B81 -> RN MILENA DA CRUZ PARANHOS (Felipe)
A70: =MAPA!D80 -> 0 | B70: ml | C70: Via: | D70: =MAPA!C80 -> 0 | E70: =MAPA!G80 -> 0 | G70: =MAPA!D81 -> 60 | H70: ml | I70: Via: | J70: =MAPA!C81 -> VO | K70: =MAPA!G81 -> 3/3H
A71: =MAPA!E80 -> 0 | B71: =MAPA!F80 -> 0 | G71: =MAPA!E81 -> LM | H71: =MAPA!F81 -> FL HIDROLISADA
A72: Horário : | B72: 00h - 03h - 06h - 09h - 12h - 15h - 18h - 21h | G72: Horário : | H72: 00h - 03h - 06h - 09h - 12h - 15h - 18h - 21h
A73: Manipulação: | C73: =MAPA!A4 -> DATA : 10/10/2019 | G73: Manipulação: | I73: =MAPA!A4 -> DATA : 10/10/2019
A74: 10h-10:30 16h - 16:30 22h-22:30 04h- 04:30 | G74: 10h-10:30 16h - 16:30 22h-22:30 04h- 04:30
A75: Validade: Consumir em até 1h após a entrega. | E75: RT: Tatiana Betina Nantal - CRN2 2240 | G75: Validade: Consumir em até 1h após a entrega. | K75: RT: Tatiana Betina Nantal - CRN2 2240
A76: Temperatura para conservação até 5°C | G76: Temperatura para conservação até 5°C
A79: Leito: | B79: =MAPA!A82 -> 4214 | G79: Leito: | H79: =MAPA!A83 -> 4216
A80: Nome: | B80: =MAPA!B82 -> 0 | G80: Nome: | H80: =MAPA!B83 -> 0
A81: =MAPA!D82 -> 0 | B81: ml | C81: Via: | D81: =MAPA!C82 -> 0 | E81: =MAPA!G82 -> 0 | G81: =MAPA!D83 -> 0 | H81: ml | I81: Via: | J81: =MAPA!C83 -> 0 | K81: =MAPA!G83 -> 0
A82: =MAPA!E82 -> 0 | B82: =MAPA!F82 -> 0 | G82: =MAPA!E83 -> 0 | H82: =MAPA!F83 -> 0
A83: Horário : | B83: 00h - 03h - 06h - 09h - 12h - 15h - 18h - 21h | G83: Horário : | H83: 00h - 03h - 06h - 09h - 12h - 15h - 18h - 21h
A84: Manipulação: | C84: =MAPA!A4 -> DATA : 10/10/2019 | G84: Manipulação: | I84: =MAPA!A4 -> DATA : 10/10/2019
A85: 10h-10:30 16h - 16:30 22h-22:30 04h- 04:30 | G85: 10h-10:30 16h - 16:30 22h-22:30 04h- 04:30
A86: Validade: Consumir em até 1h após a entrega. | E86: RT: Tatiana Betina Nantal - CRN2 2240 | G86: Validade: Consumir em até 1h após a entrega. | K86: RT: Tatiana Betina Nantal - CRN2 2240
A87: Temperatura para conservação até 5°C | G87: Temperatura para conservação até 5°C
A90: Leito: | B90: =MAPA!A84 -> 4217 | G90: Leito: | H90: =MAPA!A85 -> 4218
A91: Nome: | B91: =MAPA!B84 -> 0 | G91: Nome: | H91: =MAPA!B85 -> 0
A92: =MAPA!D84 -> 0 | B92: ml | C92: Via: | D92: =MAPA!C84 -> 0 | E92: =MAPA!G84 -> 0 | G92: =MAPA!D85 -> 0 | H92: ml | I92: Via: | J92: =MAPA!C85 -> 0 | K92: =MAPA!G85 -> 0
A93: =MAPA!E84 -> 0 | B93: =MAPA!F84 -> 0 | G93: =MAPA!E85 -> 0 | H93: =MAPA!F85 -> 0
A94: Horário : | B94: 00h - 03h - 06h - 09h - 12h - 15h - 18h - 21h | G94: Horário : | H94: 00h - 03h - 06h - 09h - 12h - 15h - 18h - 21h
A95: Manipulação: | C95: =MAPA!A4 -> DATA : 10/10/2019 | G95: Manipulação: | I95: =MAPA!A4 -> DATA : 10/10/2019
A96: 10h-10:30 16h - 16:30 22h-22:30 04h- 04:30 | G96: 10h-10:30 16h - 16:30 22h-22:30 04h- 04:30
A97: Validade: Consumir em até 1h após a entrega. | E97: RT: Tatiana Betina Nantal - CRN2 2240 | G97: Validade: Consumir em até 1h após a entrega. | K97: RT: Tatiana Betina Nantal - CRN2 2240
A98: Temperatura para conservação até 5°C | G98: Temperatura para conservação até 5°C
A101: Leito: | B101: =MAPA!A86 -> 4219 | G101: Leito:
A102: Nome: | B102: =MAPA!B86 -> 0 | G102: Nome:
A103: =MAPA!D86 -> 0 | B103: ml | C103: Via: | D103: =MAPA!C86 -> 0 | E103: =MAPA!G86 -> 0 | H103: ml | I103: Via:
A104: =MAPA!E86 -> 0 | B104: =MAPA!F86 -> 0
A105: Horário : | B105: 00h - 03h - 06h - 09h - 12h - 15h - 18h - 21h | G105: Horário : | H105: 00h - 03h - 06h - 09h - 12h - 15h - 18h - 21h
A106: Manipulação: | C106: =MAPA!A4 -> DATA : 10/10/2019 | G106: Manipulação: | I106: =MAPA!A4 -> DATA : 10/10/2019
A107: 10h-10:30 16h - 16:30 22h-22:30 04h- 04:30 | G107: 10h-10:30 16h - 16:30 22h-22:30 04h- 04:30
A108: Validade: Consumir em até 1h após a entrega. | E108: RT: Tatiana Betina Nantal - CRN2 2240 | G108: Validade: Consumir em até 1h após a entrega. | K108: RT: Tatiana Betina Nantal - CRN2 2240
A109: Temperatura para conservação até 5°C | G109: Temperatura para conservação até 5°C
A112: Leito: | B112: =MAPA!A88 -> 4220 | G112: Leito: | H112: =MAPA!A89 -> 4221
A113: Nome: | B113: =MAPA!B88 -> 0 | G113: Nome: | H113: =MAPA!B89 -> RN GABRIELA DIAS BERTODO (Gabriel)
A114: =MAPA!D88 -> 0 | B114: ml | C114: Via: | D114: =MAPA!C88 -> 0 | E114: =MAPA!G88 -> 0 | G114: =MAPA!D89 -> 40 | H114: ml | I114: Via: | J114: =MAPA!C89 -> SNG/VO | K114: =MAPA!G89 -> 3/3H
A115: =MAPA!E88 -> 0 | B115: =MAPA!F88 -> 0 | G115: =MAPA!E89 -> LM | H115: =MAPA!F89 -> FL TRANSIÇÃO
A116: Horário : | B116: 00h - 03h - 06h - 09h - 12h - 15h - 18h - 21h | G116: Horário : | H116: 00h - 03h - 06h - 09h - 12h - 15h - 18h - 21h
A117: Manipulação: | C117: =MAPA!A4 -> DATA : 10/10/2019 | G117: Manipulação: | I117: =MAPA!A4 -> DATA : 10/10/2019
A118: 10h-10:30 16h - 16:30 22h-22:30 04h- 04:30 | G118: 10h-10:30 16h - 16:30 22h-22:30 04h- 04:30
A119: Validade: Consumir em até 1h após a entrega. | E119: RT: Tatiana Betina Nantal - CRN2 2240 | G119: Validade: Consumir em até 1h após a entrega. | K119: RT: Tatiana Betina Nantal - CRN2 2240
A120: Temperatura para conservação até 5°C | G120: Temperatura para conservação até 5°C
...

Sheet Etiquetas AC
A1: ETIQUETA LACTÁRIO - Alojamento Conjunto
A2: Leito: | G2: Leito:
A3: Nome: | G3: Nome:
B4: ml | C4: Via: | D4: VO | E4: 1º SEMESTRE | H4: ml | I4: Via:
A6: Horário : | B6: 00h - 03h - 06h - 09h - 12h - 15h - 18h - 21h | G6: Horário : | H6: 00h - 03h - 06h - 09h - 12h - 15h - 18h - 21h
A7: Manipulação: | C7: =MAPA!A4 -> DATA : 10/10/2019 | G7: Manipulação: | I7: =MAPA!A4 -> DATA : 10/10/2019
A8: 10h-10:30 16h - 16:30 22h-22:30 04h- 04:30 | G8: 10h-10:30 16h - 16:30 22h-22:30 04h- 04:30
A9: Validade: Consumir em até 2h após a entrega. | E9: RT: Tatiana Betina Nantal - CRN2 2240 | G9: Validade: Consumir em até 2h após a entrega. | K9: RT: Tatiana Betina Nantal - CRN2 2240
A10: Temperatura para conservação até 5°C | G10: Temperatura para conservação até 5°C
A13: Leito: | G13: Leito:
G14: Nome:
B15: ml | C15: Via: | D15: VO | H15: ml | I15: Via:
A17: Horário : | B17: 00h - 03h - 06h - 09h - 12h - 15h - 18h - 21h | G17: Horário : | H17: 00h - 03h - 06h - 09h - 12h - 15h - 18h - 21h
A18: Manipulação: | C18: =MAPA!A4 -> DATA : 10/10/2019 | G18: Manipulação: | I18: =MAPA!A4 -> DATA : 10/10/2019
A19: 10h-10:30 16h - 16:30 22h-22:30 04h- 04:30 | G19: 10h-10:30 16h - 16:30 22h-22:30 04h- 04:30
A20: Validade: Consumir em até 2h após a entrega. | E20: RT: Tatiana Betina Nantal - CRN2 2240 | G20: Validade: Consumir em até 2h após a entrega. | K20: RT: Tatiana Betina Nantal - CRN2 2240
A21: Temperatura para conservação até 5°C | G21: Temperatura para conservação até 5°C
A24: Leito: | G24: Leito:
A25: Nome: | G25: Nome:
B26: ml | C26: Via: | H26: ml | I26: Via:
A28: Horário : | B28: 00h - 03h - 06h - 09h - 12h - 15h - 18h - 21h | G28: Horário : | H28: 00h - 03h - 06h - 09h - 12h - 15h - 18h - 21h
A29: Manipulação: | C29: =MAPA!A4 -> DATA : 10/10/2019 | G29: Manipulação: | I29: =MAPA!A4 -> DATA : 10/10/2019
A30: 10h-10:30 16h - 16:30 22h-22:30 04h- 04:30 | G30: 10h-10:30 16h - 16:30 22h-22:30 04h- 04:30
A31: Validade: Consumir em até 2h após a entrega. | E31: RT: Tatiana Betina Nantal - CRN2 2240 | G31: Validade: Consumir em até 2h após a entrega. | K31: RT: Tatiana Betina Nantal - CRN2 2240
A32: Temperatura para conservação até 5°C | G32: Temperatura para conservação até 5°C
A35: Leito: | G35: Leito:
A36: Nome: | G36: Nome:
B37: ml | C37: Via: | H37: ml | I37: Via:
A39: Horário : | B39: 00h - 03h - 06h - 09h - 12h - 15h - 18h - 21h | G39: Horário : | H39: 00h - 03h - 06h - 09h - 12h - 15h - 18h - 21h
A40: Manipulação: | C40: =MAPA!A4 -> DATA : 10/10/2019 | G40: Manipulação: | I40: =MAPA!A4 -> DATA : 10/10/2019
A41: 10h-10:30 16h - 16:30 22h-22:30 04h- 04:30 | G41: 10h-10:30 16h - 16:30 22h-22:30 04h- 04:30
A42: Validade: Consumir em até 2h após a entrega. | E42: RT: Tatiana Betina Nantal - CRN2 2240 | G42: Validade: Consumir em até 2h após a entrega. | K42: RT: Tatiana Betina Nantal - CRN2 2240
A43: Temperatura para conservação até 5°C | G43: Temperatura para conservação até 5°C
A46: Leito: | G46: Leito:
A47: Nome: | G47: Nome:
B48: ml | C48: Via: | H48: ml | I48: Via:
A50: Horário : | B50: 00h - 03h - 06h - 09h - 12h - 15h - 18h - 21h | G50: Horário : | H50: 00h - 03h - 06h - 09h - 12h - 15h - 18h - 21h
A51: Manipulação: | C51: =MAPA!A4 -> DATA : 10/10/2019 | G51: Manipulação: | I51: =MAPA!A4 -> DATA : 10/10/2019
A52: 10h-10:30 16h - 16:30 22h-22:30 04h- 04:30 | G52: 10h-10:30 16h - 16:30 22h-22:30 04h- 04:30
A53: Validade: Consumir em até 2h após a entrega. | E53: RT: Tatiana Betina Nantal - CRN2 2240 | G53: Validade: Consumir em até 2h após a entrega. | K53: RT: Tatiana Betina Nantal - CRN2 2240
A54: Temperatura para conservação até 5°C | G54: Temperatura para conservação até 5°C

Sheet Plan1

Sheet Plan2
